episode,length,time,reward,delta
0,500.0,0.03704897051784428,-2580.0,-0.5249186666557091
1,174.0,0.011700012375058577,-668.0,100.00042213549705
2,245.0,0.016251905171429826,-1036.0,50.00021106774852
3,258.0,0.017361825784064422,-1643.0,25.00010553387426
4,131.0,0.008815885907097254,-823.0,12.50005276693713
5,40.0,0.002743062034369359,-39.0,6.250026383468565
6,47.0,0.0032172308924600657,-244.0,3.1250131917342827
7,59.0,0.003992444076175161,-454.0,1.5625065958671485
8,65.0,0.0043781270619547286,-163.0,0.7812532979335742
9,63.0,0.004264634312676208,-161.0,0.3906266489667871
10,117.0,0.007900890693690599,-611.0,0.19531332448339356
11,68.0,0.004483604785946227,-463.0,0.09765666224168967
12,81.0,0.005421683270469657,-377.0,0.04882833112084484
13,14.0,0.001073372100108827,86.0,0.024414165560415313
14,25.0,0.0017588170080671262,-123.0,0.012207082780207656
15,85.0,0.005607311241419666,-777.0,0.006103541390103828
16,16.0,0.0010868373419725685,84.0,0.003051770695051914
17,47.0,0.0031447750693587295,-145.0,0.0015258853475188516
18,25.0,0.0017607406139177328,75.0,0.0007629426737594258
19,25.0,0.0017588170080671262,75.0,0.0003814713368797129
20,20.0,0.0014196211650414625,80.0,0.00019073566843985645
21,24.0,0.0016687281308804813,76.0,9.536783421992823e-05
22,18.0,0.0012699005046670209,82.0,4.7683917102858686e-05
23,34.0,0.0024340026843674423,-132.0,2.3841958551429343e-05
24,40.0,0.0026930482804345957,-138.0,1.1920979275714672e-05
25,38.0,0.0026613087829900905,-235.0,5.960489630751908e-06
26,51.0,0.0034842915133594943,-446.0,2.980244815375954e-06
27,35.0,0.002379500516326516,-133.0,1.4901224005825497e-06
28,43.0,0.0028866912762168795,-42.0,7.450612002912749e-07
29,98.0,0.006559175568327191,-1087.0,3.725305930402101e-07
30,30.0,0.002106989678395621,-29.0,1.8626529652010504e-07
31,21.0,0.0014677113131256192,-20.0,9.313265536547988e-08
32,66.0,0.00442397300275843,-263.0,4.656632768273994e-08
33,48.0,0.0032544206064812897,-245.0,2.328316384136997e-08
34,17.0,0.0011910326620636624,83.0,1.1641589026112342e-08
35,23.0,0.001628973608603701,77.0,5.820794513056171e-09
36,95.0,0.006378997813953902,-688.0,2.9103972565280856e-09
37,59.0,0.004098883603091963,-553.0,1.4551915228366852e-09
38,41.0,0.00280750283263842,-40.0,7.275957614183426e-10
39,31.0,0.0020970510481674864,-30.0,3.637978807091713e-10
40,54.0,0.0036712018882099073,-350.0,1.8189894035458565e-10
41,22.0,0.001525419490008062,78.0,9.094947017729282e-11
42,16.0,0.0011599343665693596,84.0,4.547473508864641e-11
43,61.0,0.004100807209397317,-456.0,2.2737367544323206e-11
44,25.0,0.0017286805154981266,-123.0,1.1368683772161603e-11
45,19.0,0.0013356237068364862,81.0,5.6843418860808015e-12
46,60.0,0.004070029514423368,-356.0,2.8421709430404007e-12
47,27.0,0.0018665389393390797,-125.0,1.4210854715202004e-12
48,21.0,0.001578959855123685,79.0,7.105427357601002e-13
49,44.0,0.0029597883008136705,-142.0,3.552713678800501e-13
50,53.0,0.003615737917698425,-250.0,1.7053025658242404e-13
51,41.0,0.0027703131181624485,-139.0,8.526512829121202e-14
52,23.0,0.0016616749094282568,-22.0,4.263256414560601e-14
53,37.0,0.002576670122834912,-135.0,2.842170943040401e-14
54,45.0,0.003038335542441928,-143.0,1.4210854715202004e-14
55,35.0,0.0023599438563906006,-133.0,0.0
56,96.0,0.006386371636835975,-788.0,0.0
57,33.0,0.002328204358491348,-131.0,0.0
58,39.0,0.002826418290624133,-236.0,0.0
59,75.0,0.005009711003822304,-470.0,0.0
60,67.0,0.00445795670748339,-561.0,0.0
61,39.0,0.002673491620043933,-38.0,0.0
62,46.0,0.0031079059563126066,-144.0,0.0
63,66.0,0.0043964013179902395,-461.0,0.0
64,27.0,0.0018514706925998325,73.0,0.0
65,30.0,0.0020326102498984255,-128.0,0.0
66,23.0,0.0015571589879073144,77.0,0.0
67,16.0,0.0011701935982273426,84.0,0.0
68,24.0,0.0016296148110086506,76.0,0.0
69,42.0,0.0028472573549152003,-140.0,0.0
70,41.0,0.002769030714262044,-40.0,0.0
71,13.0,0.0009457729083806043,87.0,0.0
72,23.0,0.0015956311062836903,-22.0,0.0
73,15.0,0.0010836313322215574,85.0,0.0
74,78.0,0.005251444147233997,-671.0,0.0
75,28.0,0.0019168732937941968,-27.0,0.0
76,28.0,0.001919438102049753,-126.0,0.0
77,28.0,0.001812677973703103,-27.0,0.0
78,37.0,0.002487543049028318,-234.0,0.0
79,47.0,0.003296419336038525,-244.0,0.0
80,16.0,0.0011910326620636624,84.0,0.0
81,21.0,0.0014404602288777824,79.0,0.0
82,19.0,0.0013260056771287054,81.0,0.0
83,20.0,0.0013840344554409967,80.0,0.0
84,50.0,0.003365989749909204,-49.0,0.0
85,60.0,0.004028351386295981,-257.0,0.0
86,132.0,0.008818450714898063,-1121.0,0.0
87,25.0,0.0017245127028218121,-123.0,0.0
88,40.0,0.0026965748916154553,-435.0,0.0
89,44.0,0.002974215345147968,-142.0,0.0
90,28.0,0.0019162320918439946,-27.0,0.0
91,66.0,0.0044351940373417165,-362.0,0.0
92,14.0,0.000990015843854053,86.0,0.0
93,37.0,0.0024474679257764365,-234.0,0.0
94,33.0,0.0022502983192680404,-230.0,0.0
95,96.0,0.006387012838786177,-689.0,0.0
96,18.0,0.001246176032054791,82.0,0.0
97,22.0,0.0015106718451534107,78.0,0.0
98,35.0,0.0023493640237575164,-34.0,0.0
99,22.0,0.0016453242592433526,78.0,0.0
100,70.0,0.004666988550070528,-465.0,0.0
101,20.0,0.0014116061402091873,80.0,0.0
102,76.0,0.0050770372108672746,-768.0,0.0
103,21.0,0.0014625816975240014,79.0,0.0
104,20.0,0.0013888434705222608,80.0,0.0
105,23.0,0.0015911426926322747,-22.0,0.0
106,65.0,0.00430855664808405,-460.0,0.0
107,49.0,0.003336173857860558,-444.0,0.0
108,18.0,0.0012554734603327233,82.0,0.0
109,26.0,0.0017815796782088,74.0,0.0
110,39.0,0.0026093714232047205,-38.0,0.0
111,41.0,0.00274979465530123,-436.0,0.0
112,15.0,0.0010618304650051869,85.0,0.0
113,14.0,0.0009954660608855193,86.0,0.0
114,27.0,0.0018883398065554502,-26.0,0.0
115,14.0,0.0010393883962933614,86.0,0.0
116,26.0,0.0018091513629769906,-25.0,0.0
117,19.0,0.0013215172634772898,81.0,0.0
118,63.0,0.004207887938264321,-458.0,0.0
119,14.0,0.0009961072628357215,86.0,0.0
120,19.0,0.0013154258444956213,-18.0,0.0
121,16.0,0.0011153708296660625,84.0,0.0
122,20.0,0.001386919864671654,-19.0,0.0
123,16.0,0.001125309459894197,84.0,0.0
124,87.0,0.005703170936158131,-581.0,0.0
125,19.0,0.0013160670464458235,-216.0,0.0
126,16.0,0.0011185768394170736,84.0,0.0
127,15.0,0.001059586258179479,-14.0,0.0
128,70.0,0.004550930993445945,-465.0,0.0
129,15.0,0.0011176150364917703,85.0,0.0
130,18.0,0.001182697036256286,82.0,0.0
131,29.0,0.0019861231066897744,-226.0,0.0
132,13.0,0.0009416050952495425,87.0,0.0
133,14.0,0.0009887334404083958,86.0,0.0
134,27.0,0.0018408908604214957,73.0,0.0
135,14.0,0.0009935424550349126,86.0,0.0
136,31.0,0.002099936456488649,-30.0,0.0
137,31.0,0.002094165638936829,-30.0,0.0
138,20.0,0.0013952554904790304,80.0,0.0
139,14.0,0.0009720621892483905,86.0,0.0
140,50.0,0.003309243375497317,-445.0,0.0
141,62.0,0.00406778530759766,-655.0,0.0
142,13.0,0.0009101861983253912,87.0,0.0
143,18.0,0.0012519468491518637,82.0,0.0
144,15.0,0.0010326557753614907,85.0,0.0
145,48.0,0.003150225286390196,-344.0,0.0
146,22.0,0.0014821383574599167,78.0,0.0
147,23.0,0.0015725478351669153,-22.0,0.0
148,12.0,0.0008492720116919372,88.0,0.0
149,33.0,0.002082624003833189,-131.0,0.0
150,25.0,0.0016369886334359762,-24.0,0.0
151,18.0,0.0011644227806755225,82.0,0.0
152,38.0,0.002425346457584965,-334.0,0.0
153,18.0,0.0011849412435367412,82.0,0.0
154,28.0,0.0018479440818737203,-27.0,0.0
155,24.0,0.0015481821601497359,-122.0,0.0
156,20.0,0.0013074108201180934,80.0,0.0
157,17.0,0.0011176150364917703,-16.0,0.0
158,16.0,0.0010477240216459904,84.0,0.0
159,12.0,0.0008168913118424825,88.0,0.0
160,13.0,0.0010573420513537712,87.0,0.0
161,26.0,0.0016847581800902844,74.0,0.0
162,14.0,0.0009297428587160539,86.0,0.0
163,23.0,0.001467070111175417,-121.0,0.0
164,42.0,0.002717413955451775,-140.0,0.0
165,12.0,0.0007982964548318705,88.0,0.0
166,34.0,0.0021743158858953393,-330.0,0.0
167,42.0,0.0026292486845704843,-140.0,0.0
168,22.0,0.0014010263075761031,-21.0,0.0
169,63.0,0.0038638830806121405,-458.0,0.0
170,19.0,0.0012176425439065497,-18.0,0.0
171,92.0,0.005841349960974185,-784.0,0.0
172,18.0,0.0011580107607187529,-17.0,0.0
173,13.0,0.000875561292104976,87.0,0.0
174,17.0,0.0011878266523126513,-16.0,0.0
175,19.0,0.001322158465427492,-18.0,0.0
176,40.0,0.0026815066453309555,-336.0,0.0
177,34.0,0.002306403491729725,-33.0,0.0
178,20.0,0.0014452692439590464,80.0,0.0
179,27.0,0.0016905289980968519,-125.0,0.0
180,34.0,0.0021281493436617893,-132.0,0.0
181,20.0,0.0012724653129225771,-217.0,0.0
182,18.0,0.0011535223470673373,82.0,0.0
183,14.0,0.0009380784845234302,86.0,0.0
184,16.0,0.0010339381792618951,84.0,0.0
185,12.0,0.0007941286417008087,88.0,0.0
186,18.0,0.0011785292235799716,82.0,0.0
187,42.0,0.0028248152857486275,-140.0,0.0
188,28.0,0.00197041365890982,-27.0,0.0
189,42.0,0.002872584832857683,-239.0,0.0
190,12.0,0.0008630578536212852,88.0,0.0
191,28.0,0.0019261707225268765,-27.0,0.0
192,12.0,0.0008826145140119479,88.0,0.0
193,14.0,0.0009957866618606204,86.0,0.0
194,14.0,0.0010031604847426934,86.0,0.0
195,16.0,0.0011192180413672759,84.0,0.0
196,21.0,0.0014516812634610687,-119.0,0.0
197,14.0,0.0010400295977888163,86.0,0.0
198,14.0,0.0009916188487295585,86.0,0.0
199,22.0,0.0015206104758362926,78.0,0.0
200,40.0,0.0026927276794594945,-237.0,0.0
201,18.0,0.0012593206720339367,-17.0,0.0
202,16.0,0.0011442249183346576,84.0,0.0
203,17.0,0.0012227721595081675,83.0,0.0
204,12.0,0.0008720346813788638,88.0,0.0
205,24.0,0.0016693693328306836,-23.0,0.0
206,12.0,0.000856966435094364,88.0,0.0
207,16.0,0.0011810940318355279,84.0,0.0
208,20.0,0.0014019881109561538,-118.0,0.0
209,34.0,0.0023160215209827584,-132.0,0.0
210,16.0,0.001119859243317478,84.0,0.0
211,49.0,0.003257306015711947,-246.0,0.0
212,18.0,0.0012484202384257514,82.0,0.0
213,70.0,0.0046535233086615335,-465.0,0.0
214,34.0,0.0023618674622412072,-132.0,0.0
215,14.0,0.0009893746419038507,86.0,0.0
216,19.0,0.0013048460123172845,-117.0,0.0
217,39.0,0.002608409620279417,-137.0,0.0
218,22.0,0.0015029774212962366,78.0,0.0
219,57.0,0.003782129829232872,-551.0,0.0
220,21.0,0.0014407808298528835,-20.0,0.0
221,16.0,0.001168590593351837,84.0,0.0
222,17.0,0.001176926218704466,83.0,0.0
223,22.0,0.0015052216281219444,-21.0,0.0
224,18.0,0.0012464966330298921,-17.0,0.0
225,12.0,0.0008582488389947684,88.0,0.0
226,30.0,0.002095448043291981,-227.0,0.0
227,20.0,0.001371851617932407,80.0,0.0
228,12.0,0.0008685080706527515,88.0,0.0
229,43.0,0.0028895766849927895,-438.0,0.0
230,14.0,0.0009900158443088003,86.0,0.0
231,16.0,0.0011522399431669328,84.0,0.0
232,22.0,0.0014507194605357654,-21.0,0.0
233,29.0,0.001989649717870634,-127.0,0.0
234,42.0,0.00282192987651797,-140.0,0.0
235,22.0,0.001512274849574169,-21.0,0.0
236,32.0,0.0021653390576830134,-31.0,0.0
237,44.0,0.002951132074031193,-439.0,0.0
238,12.0,0.0009127510065809474,88.0,0.0
239,20.0,0.001382431450565491,80.0,0.0
240,24.0,0.001644683056838403,76.0,0.0
241,20.0,0.001382431450565491,-19.0,0.0
242,18.0,0.001270221105642122,82.0,0.0
243,18.0,0.0012564352632580267,-17.0,0.0
244,15.0,0.0010368235880378052,85.0,0.0
245,12.0,0.000856966435094364,88.0,0.0
246,14.0,0.0009935424550349126,86.0,0.0
247,31.0,0.0021137222993274918,-129.0,0.0
248,16.0,0.001174361410903657,84.0,0.0
249,59.0,0.0040174509526877955,-256.0,0.0
250,17.0,0.0012432906228241336,83.0,0.0
251,14.0,0.0009749475975695532,86.0,0.0
252,28.0,0.0019072552645411633,-27.0,0.0
253,17.0,0.0011996888888461399,-16.0,0.0
254,39.0,0.0026375843103778607,-137.0,0.0
255,18.0,0.0012493820418058021,82.0,0.0
256,14.0,0.0010377853909631085,86.0,0.0
257,19.0,0.0013227996673776943,-18.0,0.0
258,12.0,0.0008508750161126954,88.0,0.0
259,38.0,0.002540442211284244,-136.0,0.0
260,14.0,0.000994504257960216,86.0,0.0
261,39.0,0.002662911787865596,-236.0,0.0
262,43.0,0.0028113500443396333,-141.0,0.0
263,36.0,0.0022961442605264892,-134.0,0.0
264,16.0,0.0011512781402416294,84.0,0.0
265,15.0,0.0010483652231414453,85.0,0.0
266,22.0,0.0015055422290970455,-21.0,0.0
267,35.0,0.0023573790481350443,-133.0,0.0
268,24.0,0.0016466066626890097,-122.0,0.0
269,27.0,0.001850188288699428,-125.0,0.0
270,17.0,0.0011820558347608312,83.0,0.0
271,39.0,0.0026042418076031026,-335.0,0.0
272,19.0,0.0013734546232626599,-18.0,0.0
273,12.0,0.0008653020609017403,88.0,0.0
274,35.0,0.0023503258266828198,-133.0,0.0
275,12.0,0.0008595312428951729,88.0,0.0
276,12.0,0.000859851843870274,88.0,0.0
277,21.0,0.001443986840058642,-20.0,0.0
278,25.0,0.0017107268599829695,-24.0,0.0
279,14.0,0.0013647983964801824,86.0,0.0
280,14.0,0.0011147296277158603,86.0,0.0
281,24.0,0.001644683056838403,76.0,0.0
282,26.0,0.001893469422157068,-25.0,0.0
283,54.0,0.003612852508922515,-251.0,0.0
284,14.0,0.000999633874016581,86.0,0.0
285,16.0,0.001145507322235062,-15.0,0.0
286,17.0,0.0012176425439065497,83.0,0.0
287,19.0,0.0013298528888299188,81.0,0.0
288,25.0,0.001639232840261684,-24.0,0.0
289,27.0,0.0017027118356054416,-125.0,0.0
290,28.0,0.001857562111581501,-27.0,0.0
291,13.0,0.0009268574499401439,-12.0,0.0
292,32.0,0.002162774250336952,-31.0,0.0
293,17.0,0.0011852618445118424,83.0,0.0
294,14.0,0.0009884128394332947,86.0,0.0
295,12.0,0.0008547222282686562,88.0,0.0
296,14.0,0.0009858480311777384,86.0,0.0
297,14.0,0.0009912982482092048,86.0,0.0
298,36.0,0.0022999914717729553,-134.0,0.0
299,16.0,0.0011192180413672759,84.0,0.0
300,24.0,0.0015388847318718035,-23.0,0.0
301,27.0,0.001810433766877395,-26.0,0.0
302,21.0,0.001439177824977378,-20.0,0.0
303,40.0,0.002660026379089686,-39.0,0.0
304,21.0,0.0014218653718671703,-20.0,0.0
305,18.0,0.0012391228101478191,-17.0,0.0
306,12.0,0.0008733170852792682,88.0,0.0
307,19.0,0.001311899233769509,-18.0,0.0
308,12.0,0.0008576076370445662,88.0,0.0
309,12.0,0.0008531192233931506,88.0,0.0
310,32.0,0.0022076583877606026,-229.0,0.0
311,56.0,0.003727948262621794,-352.0,0.0
312,14.0,0.0009961072628357215,86.0,0.0
313,17.0,0.0011894296571881569,83.0,0.0
314,14.0,0.0009887334399536485,86.0,0.0
315,16.0,0.0011230652530684893,84.0,0.0
316,23.0,0.0016164701705747575,-22.0,0.0
317,16.0,0.0010884403468480741,84.0,0.0
318,14.0,0.0009803978146010195,86.0,0.0
319,20.0,0.0014529636678162205,80.0,0.0
320,16.0,0.0011307596769256634,-114.0,0.0
321,16.0,0.0011179356374668714,-15.0,0.0
322,16.0,0.001115050228236214,84.0,0.0
323,21.0,0.0014430250371333386,-20.0,0.0
324,25.0,0.0017152152740891324,-123.0,0.0
325,14.0,0.0009964278638108226,86.0,0.0
326,28.0,0.0018841719934243883,-27.0,0.0
327,12.0,0.0008601724448453751,88.0,0.0
328,23.0,0.0015767156482979772,-22.0,0.0
329,12.0,0.00085792823756492,88.0,0.0
330,12.0,0.0008653020609017403,88.0,0.0
331,20.0,0.0013821108500451373,80.0,0.0
332,14.0,0.0009896952428789518,86.0,0.0
333,25.0,0.0017254745052923681,-24.0,0.0
334,17.0,0.0011804528294305783,-115.0,0.0
335,25.0,0.0017129710668086773,-24.0,0.0
336,12.0,0.0008601724448453751,88.0,0.0
337,18.0,0.0012535498544821166,82.0,0.0
338,12.0,0.0008758818930800771,88.0,0.0
339,20.0,0.0013946142880740808,-19.0,0.0
340,27.0,0.0018822483875737817,-125.0,0.0
341,23.0,0.0015802422590240894,-121.0,0.0
342,22.0,0.0015388847318718035,-21.0,0.0
343,25.0,0.0017123298653132224,-123.0,0.0
344,13.0,0.0009287810557907505,87.0,0.0
345,76.0,0.00500586379212109,-570.0,0.0
346,20.0,0.0013760194310634688,80.0,0.0
347,29.0,0.0020284424367673637,-28.0,0.0
348,12.0,0.0008553634302188584,88.0,0.0
349,15.0,0.0010874785439227708,-14.0,0.0
350,14.0,0.0009855274302026373,86.0,0.0
351,19.0,0.001307410819663346,81.0,0.0
352,21.0,0.0014632228994742036,79.0,0.0
353,12.0,0.000859851843870274,88.0,0.0
354,14.0,0.0009868098341030418,86.0,0.0
355,14.0,0.0009893746419038507,86.0,0.0
356,12.0,0.0008733170852792682,88.0,0.0
357,12.0,0.0008576076370445662,88.0,0.0
358,21.0,0.001443986840058642,-20.0,0.0
359,12.0,0.00090698018857438,88.0,0.0
360,12.0,0.0008499132136421395,88.0,0.0
361,15.0,0.0010531742382227094,85.0,0.0
362,20.0,0.0013833932534907945,80.0,0.0
363,21.0,0.0014548872732120799,-20.0,0.0
364,12.0,0.0008893471344890713,88.0,0.0
365,13.0,0.000924613243114436,87.0,0.0
366,16.0,0.0011519193417370843,84.0,0.0
367,12.0,0.000846707203436381,88.0,0.0
368,15.0,0.001041953203639423,85.0,0.0
369,16.0,0.0010900433517235797,84.0,0.0
370,14.0,0.0009640471639613679,86.0,0.0
371,12.0,0.0008646608584967908,88.0,0.0
372,12.0,0.0008553634302188584,88.0,0.0
373,16.0,0.0011060734009333828,84.0,0.0
374,13.0,0.0009236514401891327,87.0,0.0
375,12.0,0.0008527986219633021,88.0,0.0
376,17.0,0.0011910326625184098,-16.0,0.0
377,16.0,0.0011515987407619832,-15.0,0.0
378,22.0,0.0015158014612097759,-219.0,0.0
379,26.0,0.0017709998455757159,-25.0,0.0
380,27.0,0.001835761244819878,-26.0,0.0
381,37.0,0.0025494190390418225,-135.0,0.0
382,20.0,0.001389484672472463,-19.0,0.0
383,15.0,0.0010554184450484172,-14.0,0.0
384,12.0,0.0008720346813788638,88.0,0.0
385,12.0,0.0008428599917351676,88.0,0.0
386,12.0,0.0008608136467955774,88.0,0.0
387,25.0,0.0017209860920956999,-24.0,0.0
388,14.0,0.0010041222876679967,86.0,0.0
389,12.0,0.0008858205237629591,88.0,0.0
390,13.0,0.0009896952428789518,87.0,0.0
391,17.0,0.001191353263493511,83.0,0.0
392,14.0,0.0009884128389785474,-13.0,0.0
393,14.0,0.0010480446226210915,86.0,0.0
394,12.0,0.0008534398239135044,88.0,0.0
395,16.0,0.0011108824160146469,84.0,0.0
396,23.0,0.0015962723082338925,-22.0,0.0
397,12.0,0.0008713934794286615,88.0,0.0
398,28.0,0.00191494968794359,-27.0,0.0
399,16.0,0.0011314008784211183,84.0,0.0
400,33.0,0.002223047235474951,-131.0,0.0
401,13.0,0.0009313458635915595,-12.0,0.0
402,32.0,0.002862646202174801,-31.0,0.0
403,13.0,0.0009733445926940476,87.0,0.0
404,14.0,0.0011692317953020392,86.0,0.0
405,12.0,0.0008864617252584139,88.0,0.0
406,12.0,0.0008640196565465885,88.0,0.0
407,14.0,0.0010877991444431245,86.0,0.0
408,14.0,0.0010329763763365918,86.0,0.0
409,19.0,0.0013093344259687,81.0,0.0
410,14.0,0.000981680218501424,86.0,0.0
411,14.0,0.0010275261593051255,86.0,0.0
412,16.0,0.0011891090562130557,84.0,0.0
413,19.0,0.0013510125540960871,-18.0,0.0
414,12.0,0.0009861686321528396,88.0,0.0
415,33.0,0.0023182657282632135,-131.0,0.0
416,16.0,0.001116973834541568,84.0,0.0
417,14.0,0.0010050840905933,86.0,0.0
418,12.0,0.0008851793218127568,88.0,0.0
419,14.0,0.001006045893063856,86.0,0.0
420,14.0,0.000992260051134508,86.0,0.0
421,17.0,0.0011794910269600223,83.0,0.0
422,38.0,0.0025930207730198163,-136.0,0.0
423,12.0,0.0008592106419200718,88.0,0.0
424,20.0,0.00143116280059985,-118.0,0.0
425,15.0,0.0010804253220157989,85.0,0.0
426,12.0,0.0009223690362887282,88.0,0.0
427,14.0,0.0010496476274965971,86.0,0.0
428,13.0,0.0013420357267932559,87.0,0.0
429,14.0,0.0013987821007503953,86.0,0.0
430,16.0,0.0012756713226735883,-15.0,0.0
431,25.0,0.002044151885456813,-24.0,0.0
432,12.0,0.0008720346813788638,88.0,0.0
433,27.0,0.0019877261120200274,-125.0,0.0
434,12.0,0.000901529971997661,88.0,0.0
435,15.0,0.001056380248428468,-14.0,0.0
436,14.0,0.000994504257960216,86.0,0.0
437,23.0,0.001587295480476314,-22.0,0.0
438,12.0,0.0009092243958548352,88.0,0.0
439,12.0,0.0009182012231576664,88.0,0.0
440,12.0,0.0008521574204678473,88.0,0.0
441,16.0,0.0012028948990518984,84.0,0.0
442,28.0,0.0019094994713668711,-126.0,0.0
443,24.0,0.0017395809491063119,-23.0,0.0
444,16.0,0.0011336450857015734,-15.0,0.0
445,12.0,0.0009598793512850534,88.0,0.0
446,14.0,0.0010050840905933,86.0,0.0
447,23.0,0.0015930662984828814,-22.0,0.0
448,14.0,0.0009848862287071825,86.0,0.0
449,17.0,0.001186864849387348,-16.0,0.0
450,12.0,0.0009650089668866713,88.0,0.0
451,32.0,0.0024224610483543074,-31.0,0.0
452,14.0,0.0009893746419038507,86.0,0.0
453,25.0,0.0016870023873707396,-123.0,0.0
454,18.0,0.00125162624863151,82.0,0.0
455,27.0,0.0019473303877930448,-26.0,0.0
456,12.0,0.0008547222282686562,88.0,0.0
457,12.0,0.0008989651641968521,88.0,0.0
458,16.0,0.001129477273025259,84.0,0.0
459,16.0,0.0011262712632742478,84.0,0.0
460,13.0,0.0009611617551854579,87.0,0.0
461,12.0,0.00090986559735029,88.0,0.0
462,14.0,0.000997710267711227,86.0,0.0
463,16.0,0.0011464691251603654,84.0,0.0
464,14.0,0.0010201523368777998,86.0,0.0
465,17.0,0.0012240545638633193,-16.0,0.0
466,17.0,0.0011887884552379546,-16.0,0.0
467,12.0,0.0009108274002755934,88.0,0.0
468,14.0,0.0010070076964439068,86.0,0.0
469,14.0,0.000989374642358598,86.0,0.0
470,14.0,0.0009887334404083958,86.0,0.0
471,15.0,0.0010730514995884732,85.0,0.0
472,14.0,0.001062151065980288,86.0,0.0
473,14.0,0.0009932218540598114,86.0,0.0
474,14.0,0.001026243755404721,86.0,0.0
475,12.0,0.0008678668682478019,88.0,0.0
476,26.0,0.0017905565055116313,-25.0,0.0
477,13.0,0.0009268574499401439,-12.0,0.0
478,16.0,0.0011105618150395458,84.0,0.0
479,24.0,0.0017299629189437837,-122.0,0.0
480,46.0,0.003091234704697854,-441.0,0.0
481,17.0,0.0011852618445118424,-16.0,0.0
482,14.0,0.0010034810857177945,86.0,0.0
483,12.0,0.0008582488389947684,88.0,0.0
484,14.0,0.000997389666736126,86.0,0.0
485,12.0,0.0008611342477706785,88.0,0.0
486,12.0,0.0009130716075560485,88.0,0.0
487,14.0,0.0010098931052198168,86.0,0.0
488,12.0,0.0008742788882045716,88.0,0.0
489,14.0,0.001003160484287946,86.0,0.0
490,16.0,0.001137812898377888,84.0,0.0
491,14.0,0.0009954660608855193,86.0,0.0
492,12.0,0.000865302060446993,88.0,0.0
493,12.0,0.000856966435094364,88.0,0.0
494,24.0,0.0016555834909013356,-122.0,0.0
495,12.0,0.0008572870360694651,88.0,0.0
496,14.0,0.0009884128389785474,86.0,0.0
497,19.0,0.001322158465427492,81.0,0.0
498,15.0,0.0010634334698806924,-14.0,0.0
499,34.0,0.002297747265401995,-132.0,0.0
500,15.0,0.0010550978445280634,85.0,0.0
501,14.0,0.0010041222876679967,86.0,0.0
502,13.0,0.0009598793512850534,87.0,0.0
503,14.0,0.0010038016862381482,86.0,0.0
504,12.0,0.0008640196570013359,88.0,0.0
505,21.0,0.0014574520814676362,-20.0,0.0
506,17.0,0.001209948120504123,-115.0,0.0
507,19.0,0.001330494090780121,-18.0,0.0
508,12.0,0.0008742788882045716,88.0,0.0
509,14.0,0.0009951454599104181,86.0,0.0
510,19.0,0.0013272880810291099,81.0,0.0
511,18.0,0.0013038842089372338,82.0,0.0
512,12.0,0.0009252544450646383,88.0,0.0
513,12.0,0.0008749200901547738,88.0,0.0
514,12.0,0.0008762024940551782,88.0,0.0
515,27.0,0.0018755157666419109,-26.0,0.0
516,24.0,0.0016632779143037624,-23.0,0.0
517,12.0,0.0008576076365898189,88.0,0.0
518,21.0,0.0014529636678162205,79.0,0.0
519,12.0,0.0008614548487457796,88.0,0.0
520,17.0,0.0012044979034726566,83.0,0.0
521,14.0,0.001020472937852901,86.0,0.0
522,14.0,0.000997389666736126,86.0,0.0
523,14.0,0.0009996338735618338,86.0,0.0
524,16.0,0.0011355686920069274,84.0,0.0
525,14.0,0.001000595676487137,86.0,0.0
526,14.0,0.00100219868181739,86.0,0.0
527,30.0,0.0020572965254359588,-128.0,0.0
528,14.0,0.0010130991154255753,86.0,0.0
529,12.0,0.0008614548487457796,88.0,0.0
530,12.0,0.0008447835975857743,88.0,0.0
531,14.0,0.0010118167110704235,86.0,0.0
532,36.0,0.002515114733341761,-134.0,0.0
533,14.0,0.0009906570458042552,86.0,0.0
534,28.0,0.0019450861805125896,-27.0,0.0
535,15.0,0.0010470828196957882,-14.0,0.0
536,12.0,0.0008585694399698696,88.0,0.0
537,18.0,0.0012355961994217068,82.0,0.0
538,12.0,0.0008707522774784593,88.0,0.0
539,12.0,0.0008572870360694651,88.0,0.0
540,18.0,0.001267335696866212,-116.0,0.0
541,23.0,0.001588898485806567,-22.0,0.0
542,12.0,0.0008566458341192629,88.0,0.0
543,12.0,0.0008508750161126954,88.0,0.0
544,12.0,0.0008531192229384033,88.0,0.0
545,14.0,0.0009964278638108226,86.0,0.0
546,17.0,0.0012384816081976169,-16.0,0.0
547,41.0,0.002789869778098364,-337.0,0.0
548,31.0,0.002114684102252795,-129.0,0.0
549,14.0,0.0009643677653912164,86.0,0.0
550,12.0,0.0008140059030665725,88.0,0.0
551,46.0,0.0031909416115922795,-144.0,0.0
552,20.0,0.0014289185937741422,-19.0,0.0
553,24.0,0.0016982234214992786,-23.0,0.0
554,13.0,0.0010063664944937045,87.0,0.0
555,14.0,0.0009970690657610248,86.0,0.0
556,18.0,0.00120834511517387,-116.0,0.0
557,26.0,0.0017536873924655083,-25.0,0.0
558,14.0,0.000984565627277334,86.0,0.0
559,14.0,0.0010220759427284065,86.0,0.0
560,12.0,0.00085792823756492,88.0,0.0
561,12.0,0.0008499132131873921,88.0,0.0
562,24.0,0.001649492071919667,-23.0,0.0
563,24.0,0.001571906633216713,-23.0,0.0
564,14.0,0.0009685355780675309,86.0,0.0
565,12.0,0.0008402951839343586,88.0,0.0
566,12.0,0.0008620960506959818,88.0,0.0
567,30.0,0.0020553729200400994,-128.0,0.0
568,16.0,0.0011573695587685506,-15.0,0.0
569,32.0,0.0022012463687133277,-130.0,0.0
570,24.0,0.0016719341406314925,-23.0,0.0
571,12.0,0.0008662638633722963,88.0,0.0
572,12.0,0.0008854999223331106,88.0,0.0
573,12.0,0.0008871029276633635,88.0,0.0
574,14.0,0.0009986720706365304,86.0,0.0
575,14.0,0.00102592315442962,86.0,0.0
576,30.0,0.0021005776588935987,-227.0,0.0
577,12.0,0.0008704316765033582,88.0,0.0
578,12.0,0.0008762024940551782,88.0,0.0
579,28.0,0.0018966754319080792,-126.0,0.0
580,12.0,0.0008733170852792682,88.0,0.0
581,23.0,0.0016267294017779932,-22.0,0.0
582,12.0,0.0008694698735780548,88.0,0.0
583,17.0,0.0013048460118625371,-16.0,0.0
584,17.0,0.0012227721595081675,-16.0,0.0
585,13.0,0.0009518643269075255,-12.0,0.0
586,12.0,0.0008906295388442231,88.0,0.0
587,12.0,0.0008819733120617457,88.0,0.0
588,30.0,0.0020746089790009137,-128.0,0.0
589,12.0,0.0008681874696776504,88.0,0.0
590,25.0,0.0017161770765596884,-24.0,0.0
591,16.0,0.0011371716964276857,84.0,0.0
592,14.0,0.0009941836569851148,86.0,0.0
593,12.0,0.0008608136467955774,88.0,0.0
594,21.0,0.0014629022980443551,-20.0,0.0
595,12.0,0.0008675462677274481,88.0,0.0
596,14.0,0.0009941836565303674,86.0,0.0
597,16.0,0.0011336450857015734,-15.0,0.0
598,12.0,0.0009137128095062508,88.0,0.0
599,12.0,0.0008688286716278526,88.0,0.0
600,16.0,0.0011358892925272812,84.0,0.0
601,12.0,0.0008624166516710829,88.0,0.0
602,12.0,0.0008688286716278526,88.0,0.0
603,18.0,0.0012596412734637852,82.0,0.0
604,12.0,0.0008572870360694651,88.0,0.0
605,24.0,0.0016565452933718916,-23.0,0.0
606,12.0,0.0008669050653224986,88.0,0.0
607,12.0,0.0008617754501756281,88.0,0.0
608,12.0,0.0008710728779988131,88.0,0.0
609,14.0,0.0009938630560100137,86.0,0.0
610,16.0,0.001194238672269421,84.0,0.0
611,27.0,0.0018120367712981533,-26.0,0.0
612,14.0,0.0009957866618606204,86.0,0.0
613,14.0,0.0009807184151213733,86.0,0.0
614,18.0,0.0012609236769094423,-17.0,0.0
615,27.0,0.0018594857174321078,-26.0,0.0
616,12.0,0.0008617754501756281,88.0,0.0
617,13.0,0.000919804228033172,87.0,0.0
618,12.0,0.0008072732821347017,88.0,0.0
619,12.0,0.0008662638638270437,88.0,0.0
620,13.0,0.000927178050915245,87.0,0.0
621,19.0,0.0013186318542466324,-18.0,0.0
622,15.0,0.0010765781098598382,85.0,0.0
623,18.0,0.0012519468491518637,-17.0,0.0
624,14.0,0.0009826420214267273,86.0,0.0
625,12.0,0.0008822939125820994,88.0,0.0
626,13.0,0.0009890540409287496,87.0,0.0
627,16.0,0.0010961347702505009,84.0,0.0
628,12.0,0.0008662638638270437,88.0,0.0
629,14.0,0.0009916188491843059,86.0,0.0
630,22.0,0.0015199692738860904,-21.0,0.0
631,12.0,0.0008592106419200718,88.0,0.0
632,12.0,0.0008585694399698696,88.0,0.0
633,16.0,0.0011272330657448038,-15.0,0.0
634,12.0,0.0009076213905245822,88.0,0.0
635,12.0,0.0008585694399698696,88.0,0.0
636,12.0,0.0007883578236942412,88.0,0.0
637,12.0,0.0007870754197938368,88.0,0.0
638,18.0,0.0011647433816506236,82.0,0.0
639,22.0,0.0013942936870989797,-21.0,0.0
640,14.0,0.0009098655978050374,86.0,0.0
641,22.0,0.0014635434999945574,-120.0,0.0
642,14.0,0.0009265368489650427,86.0,0.0
643,12.0,0.0007886784251240897,88.0,0.0
644,15.0,0.0009666119722169242,-14.0,0.0
645,12.0,0.0007813046022420167,88.0,0.0
646,14.0,0.0009018505729727622,86.0,0.0
647,16.0,0.001078181115190091,84.0,0.0
648,22.0,0.0013773018349638733,-21.0,0.0
649,14.0,0.0009101861987801385,86.0,0.0
650,12.0,0.0009034535778482677,88.0,0.0
651,14.0,0.0010086107013194123,86.0,0.0
652,14.0,0.0009925806521096092,86.0,0.0
653,12.0,0.0008601724448453751,88.0,0.0
654,12.0,0.000903132977327914,88.0,0.0
655,12.0,0.000859851843870274,88.0,0.0
656,24.0,0.0016498126728947682,-23.0,0.0
657,12.0,0.0008518368194927461,88.0,0.0
658,14.0,0.0009839244253271318,86.0,0.0
659,12.0,0.0008733170852792682,88.0,0.0
660,17.0,0.001215718938055943,-16.0,0.0
661,12.0,0.0008742788882045716,88.0,0.0
662,20.0,0.0014327658054753556,-217.0,0.0
663,23.0,0.00161069935256819,-22.0,0.0
664,12.0,0.0008694698731233075,88.0,0.0
665,14.0,0.000997710267711227,86.0,0.0
666,19.0,0.0013131816376699135,-18.0,0.0
667,14.0,0.000991939450159407,86.0,0.0
668,12.0,0.000868187469222903,88.0,0.0
669,12.0,0.001036502987062704,88.0,0.0
670,12.0,0.000865302060446993,88.0,0.0
671,16.0,0.0011826970367110334,84.0,0.0
672,14.0,0.000995466060430772,86.0,0.0
673,36.0,0.0024218198468588525,-233.0,0.0
674,14.0,0.0010223965437035076,86.0,0.0
675,14.0,0.0009932218540598114,86.0,0.0
676,12.0,0.0008701110755282571,88.0,0.0
677,12.0,0.0008665844648021448,88.0,0.0
678,14.0,0.0010015574794124404,86.0,0.0
679,13.0,0.0009316664645666606,87.0,0.0
680,23.0,0.0015885778848314658,-22.0,0.0
681,12.0,0.0008816527110866446,88.0,0.0
682,14.0,0.0010483652235961927,86.0,0.0
683,12.0,0.0008970415583462454,88.0,0.0
684,27.0,0.0018460204760231136,-224.0,0.0
685,12.0,0.0008563252326894144,88.0,0.0
686,12.0,0.0009361548786728235,88.0,0.0
687,14.0,0.0009980308686863282,86.0,0.0
688,12.0,0.0008576076370445662,88.0,0.0
689,23.0,0.001665201520154369,-22.0,0.0
690,14.0,0.000993221853605064,86.0,0.0
691,12.0,0.0009291016567658517,88.0,0.0
692,26.0,0.001768435037774907,-124.0,0.0
693,14.0,0.0009858480311777384,86.0,0.0
694,14.0,0.0010477240216459904,86.0,0.0
695,15.0,0.001070486691332917,85.0,0.0
696,12.0,0.0008582488389947684,88.0,0.0
697,12.0,0.0008595312428951729,88.0,0.0
698,13.0,0.0009165982182821608,-12.0,0.0
699,27.0,0.001849867687724327,-26.0,0.0
700,12.0,0.0008659432623971952,88.0,0.0
701,12.0,0.0008710728779988131,88.0,0.0
702,14.0,0.0009916188491843059,86.0,0.0
703,14.0,0.000992901252629963,86.0,0.0
704,12.0,0.0008675462672727008,88.0,0.0
705,14.0,0.0009938630555552663,86.0,0.0
706,14.0,0.0010441974109198782,86.0,0.0
707,12.0,0.0008579282380196673,88.0,0.0
708,29.0,0.001987084910069825,-127.0,0.0
709,14.0,0.0009900158443088003,86.0,0.0
710,12.0,0.0008611342477706785,88.0,0.0
711,16.0,0.0011333244847264723,84.0,0.0
712,26.0,0.0017854268899100134,-25.0,0.0
713,12.0,0.0008739582872294704,88.0,0.0
714,12.0,0.0008694698735780548,88.0,0.0
715,12.0,0.0008713934789739142,88.0,0.0
716,14.0,0.0009929012530847103,86.0,0.0
717,12.0,0.0008996063661470544,88.0,0.0
718,13.0,0.000987130435078143,87.0,0.0
719,16.0,0.001124988858919096,84.0,0.0
720,12.0,0.0008665844648021448,88.0,0.0
721,12.0,0.0008579282380196673,88.0,0.0
722,12.0,0.000859851843870274,88.0,0.0
723,13.0,0.0009255750460397394,-12.0,0.0
724,12.0,0.0008604930458204763,88.0,0.0
725,14.0,0.0009909776467793563,86.0,0.0
726,12.0,0.0008627372531009314,88.0,0.0
727,12.0,0.0008579282380196673,88.0,0.0
728,25.0,0.0017030324365805427,-24.0,0.0
729,20.0,0.0013882022685720585,80.0,0.0
730,24.0,0.001699185224424582,-23.0,0.0
731,12.0,0.0008608136467955774,88.0,0.0
732,12.0,0.0008636990555714874,88.0,0.0
733,16.0,0.0011394159032533935,84.0,0.0
734,12.0,0.0008627372526461841,88.0,0.0
735,26.0,0.0017774118650777382,-124.0,0.0
736,12.0,0.00085792823756492,88.0,0.0
737,24.0,0.0016427594514425437,-23.0,0.0
738,12.0,0.0008681874696776504,88.0,0.0
739,14.0,0.0010127785139957268,86.0,0.0
740,12.0,0.000865302060446993,88.0,0.0
741,47.0,0.003205368655926577,-343.0,0.0
742,16.0,0.0011246682583987422,84.0,0.0
743,14.0,0.0009836038243520306,86.0,0.0
744,12.0,0.0008592106419200718,88.0,0.0
745,12.0,0.0008633784545963863,88.0,0.0
746,16.0,0.0011262712628195004,84.0,0.0
747,15.0,0.0010720896962084225,-14.0,0.0
748,20.0,0.0013744164261879632,-19.0,0.0
749,12.0,0.0008592106419200718,88.0,0.0
750,12.0,0.0008688286711731052,88.0,0.0
751,17.0,0.0011939180712943198,-16.0,0.0
752,14.0,0.0009884128394332947,86.0,0.0
753,24.0,0.001644683056838403,-221.0,0.0
754,18.0,0.001267656297841313,-17.0,0.0
755,12.0,0.0008553634302188584,88.0,0.0
756,12.0,0.0008537604253433528,88.0,0.0
757,14.0,0.0009759094009496039,86.0,0.0
758,24.0,0.0016469272636641108,-23.0,0.0
759,33.0,0.0022384360827345517,-131.0,0.0
760,20.0,0.00137922544081448,-118.0,0.0
761,12.0,0.0008547222282686562,88.0,0.0
762,12.0,0.0008659432628519426,88.0,0.0
763,12.0,0.0009476965137764637,88.0,0.0
764,14.0,0.0009935424550349126,86.0,0.0
765,12.0,0.0008723552823539649,88.0,0.0
766,24.0,0.001652377480695577,-23.0,0.0
767,14.0,0.0010009162774622382,86.0,0.0
768,23.0,0.0016148671652445046,-22.0,0.0
769,12.0,0.0008614548487457796,88.0,0.0
770,14.0,0.0009925806521096092,86.0,0.0
771,20.0,0.0013882022685720585,-19.0,0.0
772,12.0,0.0008636990560262348,88.0,0.0
773,12.0,0.0008425393907600665,88.0,0.0
774,12.0,0.0008579282380196673,88.0,0.0
775,12.0,0.000908903794879734,88.0,0.0
776,12.0,0.0008566458336645155,88.0,0.0
777,16.0,0.0011307596769256634,84.0,0.0
778,12.0,0.000859851843870274,88.0,0.0
779,12.0,0.0008662638633722963,88.0,0.0
780,14.0,0.0009986720706365304,86.0,0.0
781,14.0,0.0015436937464983203,86.0,0.0
782,12.0,0.0013526155589715927,88.0,0.0
783,12.0,0.0013622335886793735,88.0,0.0
784,14.0,0.0015581207908326178,86.0,0.0
785,12.0,0.001360630583803868,88.0,0.0
786,13.0,0.0009836038243520306,87.0,0.0
787,12.0,0.0008604930458204763,88.0,0.0
788,12.0,0.0008669050653224986,88.0,0.0
789,12.0,0.0008614548487457796,88.0,0.0
790,12.0,0.0008659432623971952,88.0,0.0
791,12.0,0.0008662638633722963,88.0,0.0
792,14.0,0.0009880922380034463,86.0,0.0
793,12.0,0.0008608136467955774,88.0,0.0
794,14.0,0.0009954660608855193,86.0,0.0
795,14.0,0.000986489233582688,86.0,0.0
796,14.0,0.0009826420214267273,86.0,0.0
797,16.0,0.0012105893219995778,84.0,0.0
798,12.0,0.0008601724448453751,88.0,0.0
799,12.0,0.0009127510065809474,88.0,0.0
800,26.0,0.0017838238850345078,-124.0,0.0
801,14.0,0.0010265643563798221,86.0,0.0
802,12.0,0.0008576076370445662,88.0,0.0
803,12.0,0.0008742788882045716,88.0,0.0
804,23.0,0.0015725478351669153,-22.0,0.0
805,15.0,0.0010640746718308947,-14.0,0.0
806,27.0,0.0018322346336390183,-26.0,0.0
807,13.0,0.0009198042284879193,-12.0,0.0
808,12.0,0.000898644563221751,88.0,0.0
809,12.0,0.0008556840311939595,88.0,0.0
810,12.0,0.0008765230950302794,88.0,0.0
811,14.0,0.0010015574794124404,86.0,0.0
812,18.0,0.0012493820418058021,-17.0,0.0
813,12.0,0.000856966435094364,88.0,0.0
814,12.0,0.0008435011936853698,88.0,0.0
815,19.0,0.0013516537560462893,-18.0,0.0
816,12.0,0.0008611342477706785,88.0,0.0
817,22.0,0.0015315109089897305,-120.0,0.0
818,12.0,0.0008627372526461841,88.0,0.0
819,13.0,0.0009117892036556441,87.0,0.0
820,14.0,0.0009884128394332947,86.0,0.0
821,15.0,0.00108651674054272,85.0,0.0
822,12.0,0.0008656226614220941,88.0,0.0
823,14.0,0.0010425944055896252,86.0,0.0
824,14.0,0.0009826420214267273,86.0,0.0
825,12.0,0.0008742788882045716,88.0,0.0
826,12.0,0.0008752406911298749,88.0,0.0
827,14.0,0.0009803978146010195,86.0,0.0
828,14.0,0.0010111755095749686,86.0,0.0
829,12.0,0.0008457454005110776,88.0,0.0
830,14.0,0.0009871304355328903,86.0,0.0
831,12.0,0.0008800497057563916,88.0,0.0
832,12.0,0.0008669050653224986,88.0,0.0
833,14.0,0.0009855274302026373,86.0,0.0
834,14.0,0.000986168632607587,86.0,0.0
835,12.0,0.0008585694399698696,88.0,0.0
836,12.0,0.0009101861987801385,88.0,0.0
837,20.0,0.00137922544081448,-19.0,0.0
838,16.0,0.00112691246522445,-15.0,0.0
839,12.0,0.0008640196565465885,88.0,0.0
840,14.0,0.0009884128394332947,86.0,0.0
841,28.0,0.0018953930280076747,-126.0,0.0
842,15.0,0.0010653570757312991,85.0,0.0
843,12.0,0.0008582488389947684,88.0,0.0
844,32.0,0.0021864987229491817,-130.0,0.0
845,12.0,0.0008646608589515381,88.0,0.0
846,12.0,0.0008640196565465885,88.0,0.0
847,12.0,0.0009153158143817564,88.0,0.0
848,14.0,0.000989054041383497,86.0,0.0
849,20.0,0.0013859580612916034,-19.0,0.0
850,12.0,0.000856966435094364,88.0,0.0
851,14.0,0.0009980308686863282,86.0,0.0
852,12.0,0.0008582488385400211,88.0,0.0
853,12.0,0.0008572870356147178,88.0,0.0
854,12.0,0.0008178531147677859,88.0,0.0
855,12.0,0.0008502338146172406,88.0,0.0
856,12.0,0.0008319595581269823,88.0,0.0
857,12.0,0.0008406157849094598,88.0,0.0
858,12.0,0.0008364479717783979,88.0,0.0
859,12.0,0.0008502338146172406,88.0,0.0
860,12.0,0.000836768572753499,88.0,0.0
861,26.0,0.0017328483281744411,-25.0,0.0
862,12.0,0.0008316389571518812,88.0,0.0
863,12.0,0.0008393333810090553,88.0,0.0
864,12.0,0.0008396539815294091,88.0,0.0
865,12.0,0.0008415775878347631,88.0,0.0
866,32.0,0.002110195688146632,-130.0,0.0
867,12.0,0.0008386921786041057,88.0,0.0
868,12.0,0.000800540661202831,88.0,0.0
869,12.0,0.0008258681396000611,88.0,0.0
870,14.0,0.0009258956470148405,86.0,0.0
871,21.0,0.0013734546232626599,-20.0,0.0
872,12.0,0.0007947698436510109,88.0,0.0
873,19.0,0.0012968309874850092,-18.0,0.0
874,12.0,0.0007947698436510109,88.0,0.0
875,12.0,0.0008056702772591962,88.0,0.0
876,12.0,0.0008162501098922803,88.0,0.0
877,12.0,0.0008082350855147524,88.0,0.0
878,14.0,0.0009432081001250481,86.0,0.0
879,15.0,0.0009957866618606204,85.0,0.0
880,12.0,0.0008047084743338928,88.0,0.0
881,12.0,0.0007966934499563649,88.0,0.0
882,12.0,0.000849592612212291,88.0,0.0
883,12.0,0.0009182012231576664,88.0,0.0
884,14.0,0.0009351930752927728,86.0,0.0
885,12.0,0.0007883578241489886,88.0,0.0
886,12.0,0.0008316389571518812,88.0,0.0
887,14.0,0.0009762300014699576,86.0,0.0
888,12.0,0.0008091968879853084,88.0,0.0
889,16.0,0.0010877991448978719,84.0,0.0
890,12.0,0.0007918844348751009,88.0,0.0
891,12.0,0.0007963728489812638,88.0,0.0
892,12.0,0.0008200973215934937,88.0,0.0
893,26.0,0.0016793079635135655,-25.0,0.0
894,12.0,0.0008024642670534377,88.0,0.0
895,12.0,0.0008245857356996567,88.0,0.0
896,12.0,0.0007880372231738875,88.0,0.0
897,12.0,0.0007906020309746964,88.0,0.0
898,12.0,0.0008104792923404602,88.0,0.0
899,32.0,0.002005359166105336,-130.0,0.0
900,19.0,0.0012346343960416561,-18.0,0.0
901,14.0,0.0009201248294630204,86.0,0.0
902,12.0,0.0008332419620273868,88.0,0.0
903,27.0,0.0017059178453564527,-26.0,0.0
904,22.0,0.0014391778254321252,-21.0,0.0
905,22.0,0.0014205829684215132,-21.0,0.0
906,12.0,0.0007925256368253031,88.0,0.0
907,14.0,0.000930063459691155,86.0,0.0
908,12.0,0.0007963728489812638,88.0,0.0
909,12.0,0.0008069526811596006,88.0,0.0
910,12.0,0.0008457454005110776,88.0,0.0
911,12.0,0.0008544016272935551,88.0,0.0
912,19.0,0.0013529361599466938,-18.0,0.0
913,12.0,0.0009476965137764637,88.0,0.0
914,14.0,0.0010086107013194123,86.0,0.0
915,14.0,0.0009932218540598114,86.0,0.0
916,24.0,0.0015683800224906008,-23.0,0.0
917,14.0,0.0009492995186519693,86.0,0.0
918,12.0,0.0008226621293943026,88.0,0.0
919,15.0,0.001010213706194918,85.0,0.0
920,14.0,0.000997710267711227,86.0,0.0
921,12.0,0.0008342037649526901,88.0,0.0
922,14.0,0.0009553909376336378,86.0,0.0
923,12.0,0.0008159295089171792,88.0,0.0
924,14.0,0.0010332969768569455,86.0,0.0
925,12.0,0.0008268299420706171,88.0,0.0
926,12.0,0.0008156089079420781,88.0,0.0
927,12.0,0.0008303565532514767,88.0,0.0
928,13.0,0.0008742788882045716,87.0,0.0
929,12.0,0.0008213797254938981,88.0,0.0
930,24.0,0.0016174319730453135,-23.0,0.0
931,12.0,0.0009053771836988744,88.0,0.0
932,12.0,0.0008611342477706785,88.0,0.0
933,12.0,0.0008499132131873921,88.0,0.0
934,16.0,0.0011144090267407591,84.0,0.0
935,12.0,0.000849592612212291,88.0,0.0
936,14.0,0.0010371441890129063,86.0,0.0
937,12.0,0.0008569664346396166,88.0,0.0
938,12.0,0.0009505819225523737,88.0,0.0
939,12.0,0.0008332419620273868,88.0,0.0
940,12.0,0.00082843294740087,88.0,0.0
941,16.0,0.0010743339030341303,84.0,0.0
942,14.0,0.0009489789176768682,86.0,0.0
943,12.0,0.0008595312428951729,88.0,0.0
944,12.0,0.00082843294740087,88.0,0.0
945,13.0,0.0008806909077065939,87.0,0.0
946,12.0,0.0008319595581269823,88.0,0.0
947,18.0,0.0011996888888461399,-17.0,0.0
948,14.0,0.0009464141103308066,86.0,0.0
949,14.0,0.00095603213958384,86.0,0.0
950,15.0,0.001002839883312845,-14.0,0.0
951,14.0,0.0009890540409287496,86.0,0.0
952,12.0,0.0009076213905245822,88.0,0.0
953,16.0,0.0011211416472178826,-15.0,0.0
954,12.0,0.0008534398239135044,88.0,0.0
955,14.0,0.0010025192823377438,86.0,0.0
956,12.0,0.0008345243659277912,88.0,0.0
957,22.0,0.0015090688398231578,-120.0,0.0
958,12.0,0.0008438217946604709,88.0,0.0
959,14.0,0.0009970690657610248,86.0,0.0
960,13.0,0.000924613243114436,87.0,0.0
961,14.0,0.0009832832233769295,86.0,0.0
962,19.0,0.0013048460123172845,-18.0,0.0
963,14.0,0.001075295706414181,86.0,0.0
964,14.0,0.0009957866618606204,86.0,0.0
965,20.0,0.0013782636378891766,-19.0,0.0
966,12.0,0.0008592106419200718,88.0,0.0
967,17.0,0.0012195661497571564,83.0,0.0
968,12.0,0.0008447835971310269,88.0,0.0
969,21.0,0.0014404602293325297,-20.0,0.0
970,14.0,0.0010082901003443112,86.0,0.0
971,12.0,0.0008518368194927461,88.0,0.0
972,16.0,0.001135248090577079,-15.0,0.0
973,12.0,0.0008460660014861787,88.0,0.0
974,14.0,0.0010143815193259798,86.0,0.0
975,12.0,0.0008563252326894144,88.0,0.0
976,12.0,0.0008604930458204763,88.0,0.0
977,22.0,0.001499450810115377,-21.0,0.0
978,14.0,0.0009643677653912164,86.0,0.0
979,23.0,0.0015763950468681287,-22.0,0.0
980,14.0,0.0009938630560100137,86.0,0.0
981,14.0,0.000991939450159407,86.0,0.0
982,12.0,0.0008601724453001225,88.0,0.0
983,22.0,0.001507145233972551,-21.0,0.0
984,12.0,0.0008502338146172406,88.0,0.0
985,12.0,0.0008505544151375943,88.0,0.0
986,12.0,0.0008460660014861787,88.0,0.0
987,14.0,0.000978794809725514,86.0,0.0
988,22.0,0.0015276636972885171,-21.0,0.0
989,16.0,0.0011217828491680848,84.0,0.0
990,16.0,0.0012038567019772017,84.0,0.0
991,12.0,0.0008553634302188584,88.0,0.0
992,12.0,0.0008476690063616843,88.0,0.0
993,12.0,0.0008489514102620888,88.0,0.0
994,12.0,0.0008582488389947684,88.0,0.0
995,16.0,0.001100943785331765,84.0,0.0
996,16.0,0.0011150502286909614,84.0,0.0
997,14.0,0.0009759094004948565,86.0,0.0
998,14.0,0.0009852068292275362,86.0,0.0
999,12.0,0.000844142395635572,88.0,0.0
1000,0.0,0.0,0.0,0.0
1001,0.0,0.0,0.0,0.0
1002,0.0,0.0,0.0,0.0
1003,0.0,0.0,0.0,0.0
1004,0.0,0.0,0.0,0.0
1005,0.0,0.0,0.0,0.0
1006,0.0,0.0,0.0,0.0
1007,0.0,0.0,0.0,0.0
1008,0.0,0.0,0.0,0.0
1009,0.0,0.0,0.0,0.0
1010,0.0,0.0,0.0,0.0
1011,0.0,0.0,0.0,0.0
1012,0.0,0.0,0.0,0.0
1013,0.0,0.0,0.0,0.0
1014,0.0,0.0,0.0,0.0
1015,0.0,0.0,0.0,0.0
1016,0.0,0.0,0.0,0.0
1017,0.0,0.0,0.0,0.0
1018,0.0,0.0,0.0,0.0
1019,0.0,0.0,0.0,0.0
1020,0.0,0.0,0.0,0.0
1021,0.0,0.0,0.0,0.0
1022,0.0,0.0,0.0,0.0
1023,0.0,0.0,0.0,0.0
1024,0.0,0.0,0.0,0.0
1025,0.0,0.0,0.0,0.0
1026,0.0,0.0,0.0,0.0
1027,0.0,0.0,0.0,0.0
1028,0.0,0.0,0.0,0.0
1029,0.0,0.0,0.0,0.0
1030,0.0,0.0,0.0,0.0
1031,0.0,0.0,0.0,0.0
1032,0.0,0.0,0.0,0.0
1033,0.0,0.0,0.0,0.0
1034,0.0,0.0,0.0,0.0
1035,0.0,0.0,0.0,0.0
1036,0.0,0.0,0.0,0.0
1037,0.0,0.0,0.0,0.0
1038,0.0,0.0,0.0,0.0
1039,0.0,0.0,0.0,0.0
1040,0.0,0.0,0.0,0.0
1041,0.0,0.0,0.0,0.0
1042,0.0,0.0,0.0,0.0
1043,0.0,0.0,0.0,0.0
1044,0.0,0.0,0.0,0.0
1045,0.0,0.0,0.0,0.0
1046,0.0,0.0,0.0,0.0
1047,0.0,0.0,0.0,0.0
1048,0.0,0.0,0.0,0.0
1049,0.0,0.0,0.0,0.0
1050,0.0,0.0,0.0,0.0
1051,0.0,0.0,0.0,0.0
1052,0.0,0.0,0.0,0.0
1053,0.0,0.0,0.0,0.0
1054,0.0,0.0,0.0,0.0
1055,0.0,0.0,0.0,0.0
1056,0.0,0.0,0.0,0.0
1057,0.0,0.0,0.0,0.0
1058,0.0,0.0,0.0,0.0
1059,0.0,0.0,0.0,0.0
1060,0.0,0.0,0.0,0.0
1061,0.0,0.0,0.0,0.0
1062,0.0,0.0,0.0,0.0
1063,0.0,0.0,0.0,0.0
1064,0.0,0.0,0.0,0.0
1065,0.0,0.0,0.0,0.0
1066,0.0,0.0,0.0,0.0
1067,0.0,0.0,0.0,0.0
1068,0.0,0.0,0.0,0.0
1069,0.0,0.0,0.0,0.0
1070,0.0,0.0,0.0,0.0
1071,0.0,0.0,0.0,0.0
1072,0.0,0.0,0.0,0.0
1073,0.0,0.0,0.0,0.0
1074,0.0,0.0,0.0,0.0
1075,0.0,0.0,0.0,0.0
1076,0.0,0.0,0.0,0.0
1077,0.0,0.0,0.0,0.0
1078,0.0,0.0,0.0,0.0
1079,0.0,0.0,0.0,0.0
1080,0.0,0.0,0.0,0.0
1081,0.0,0.0,0.0,0.0
1082,0.0,0.0,0.0,0.0
1083,0.0,0.0,0.0,0.0
1084,0.0,0.0,0.0,0.0
1085,0.0,0.0,0.0,0.0
1086,0.0,0.0,0.0,0.0
1087,0.0,0.0,0.0,0.0
1088,0.0,0.0,0.0,0.0
1089,0.0,0.0,0.0,0.0
1090,0.0,0.0,0.0,0.0
1091,0.0,0.0,0.0,0.0
1092,0.0,0.0,0.0,0.0
1093,0.0,0.0,0.0,0.0
1094,0.0,0.0,0.0,0.0
1095,0.0,0.0,0.0,0.0
1096,0.0,0.0,0.0,0.0
1097,0.0,0.0,0.0,0.0
1098,0.0,0.0,0.0,0.0
1099,0.0,0.0,0.0,0.0
1100,0.0,0.0,0.0,0.0
1101,0.0,0.0,0.0,0.0
1102,0.0,0.0,0.0,0.0
1103,0.0,0.0,0.0,0.0
1104,0.0,0.0,0.0,0.0
1105,0.0,0.0,0.0,0.0
1106,0.0,0.0,0.0,0.0
1107,0.0,0.0,0.0,0.0
1108,0.0,0.0,0.0,0.0
1109,0.0,0.0,0.0,0.0
1110,0.0,0.0,0.0,0.0
1111,0.0,0.0,0.0,0.0
1112,0.0,0.0,0.0,0.0
1113,0.0,0.0,0.0,0.0
1114,0.0,0.0,0.0,0.0
1115,0.0,0.0,0.0,0.0
1116,0.0,0.0,0.0,0.0
1117,0.0,0.0,0.0,0.0
1118,0.0,0.0,0.0,0.0
1119,0.0,0.0,0.0,0.0
1120,0.0,0.0,0.0,0.0
1121,0.0,0.0,0.0,0.0
1122,0.0,0.0,0.0,0.0
1123,0.0,0.0,0.0,0.0
1124,0.0,0.0,0.0,0.0
1125,0.0,0.0,0.0,0.0
1126,0.0,0.0,0.0,0.0
1127,0.0,0.0,0.0,0.0
1128,0.0,0.0,0.0,0.0
1129,0.0,0.0,0.0,0.0
1130,0.0,0.0,0.0,0.0
1131,0.0,0.0,0.0,0.0
1132,0.0,0.0,0.0,0.0
1133,0.0,0.0,0.0,0.0
1134,0.0,0.0,0.0,0.0
1135,0.0,0.0,0.0,0.0
1136,0.0,0.0,0.0,0.0
1137,0.0,0.0,0.0,0.0
1138,0.0,0.0,0.0,0.0
1139,0.0,0.0,0.0,0.0
1140,0.0,0.0,0.0,0.0
1141,0.0,0.0,0.0,0.0
1142,0.0,0.0,0.0,0.0
1143,0.0,0.0,0.0,0.0
1144,0.0,0.0,0.0,0.0
1145,0.0,0.0,0.0,0.0
1146,0.0,0.0,0.0,0.0
1147,0.0,0.0,0.0,0.0
1148,0.0,0.0,0.0,0.0
1149,0.0,0.0,0.0,0.0
1150,0.0,0.0,0.0,0.0
1151,0.0,0.0,0.0,0.0
1152,0.0,0.0,0.0,0.0
1153,0.0,0.0,0.0,0.0
1154,0.0,0.0,0.0,0.0
1155,0.0,0.0,0.0,0.0
1156,0.0,0.0,0.0,0.0
1157,0.0,0.0,0.0,0.0
1158,0.0,0.0,0.0,0.0
1159,0.0,0.0,0.0,0.0
1160,0.0,0.0,0.0,0.0
1161,0.0,0.0,0.0,0.0
1162,0.0,0.0,0.0,0.0
1163,0.0,0.0,0.0,0.0
1164,0.0,0.0,0.0,0.0
1165,0.0,0.0,0.0,0.0
1166,0.0,0.0,0.0,0.0
1167,0.0,0.0,0.0,0.0
1168,0.0,0.0,0.0,0.0
1169,0.0,0.0,0.0,0.0
1170,0.0,0.0,0.0,0.0
1171,0.0,0.0,0.0,0.0
1172,0.0,0.0,0.0,0.0
1173,0.0,0.0,0.0,0.0
1174,0.0,0.0,0.0,0.0
1175,0.0,0.0,0.0,0.0
1176,0.0,0.0,0.0,0.0
1177,0.0,0.0,0.0,0.0
1178,0.0,0.0,0.0,0.0
1179,0.0,0.0,0.0,0.0
1180,0.0,0.0,0.0,0.0
1181,0.0,0.0,0.0,0.0
1182,0.0,0.0,0.0,0.0
1183,0.0,0.0,0.0,0.0
1184,0.0,0.0,0.0,0.0
1185,0.0,0.0,0.0,0.0
1186,0.0,0.0,0.0,0.0
1187,0.0,0.0,0.0,0.0
1188,0.0,0.0,0.0,0.0
1189,0.0,0.0,0.0,0.0
1190,0.0,0.0,0.0,0.0
1191,0.0,0.0,0.0,0.0
1192,0.0,0.0,0.0,0.0
1193,0.0,0.0,0.0,0.0
1194,0.0,0.0,0.0,0.0
1195,0.0,0.0,0.0,0.0
1196,0.0,0.0,0.0,0.0
1197,0.0,0.0,0.0,0.0
1198,0.0,0.0,0.0,0.0
1199,0.0,0.0,0.0,0.0
1200,0.0,0.0,0.0,0.0
1201,0.0,0.0,0.0,0.0
1202,0.0,0.0,0.0,0.0
1203,0.0,0.0,0.0,0.0
1204,0.0,0.0,0.0,0.0
1205,0.0,0.0,0.0,0.0
1206,0.0,0.0,0.0,0.0
1207,0.0,0.0,0.0,0.0
1208,0.0,0.0,0.0,0.0
1209,0.0,0.0,0.0,0.0
1210,0.0,0.0,0.0,0.0
1211,0.0,0.0,0.0,0.0
1212,0.0,0.0,0.0,0.0
1213,0.0,0.0,0.0,0.0
1214,0.0,0.0,0.0,0.0
1215,0.0,0.0,0.0,0.0
1216,0.0,0.0,0.0,0.0
1217,0.0,0.0,0.0,0.0
1218,0.0,0.0,0.0,0.0
1219,0.0,0.0,0.0,0.0
1220,0.0,0.0,0.0,0.0
1221,0.0,0.0,0.0,0.0
1222,0.0,0.0,0.0,0.0
1223,0.0,0.0,0.0,0.0
1224,0.0,0.0,0.0,0.0
1225,0.0,0.0,0.0,0.0
1226,0.0,0.0,0.0,0.0
1227,0.0,0.0,0.0,0.0
1228,0.0,0.0,0.0,0.0
1229,0.0,0.0,0.0,0.0
1230,0.0,0.0,0.0,0.0
1231,0.0,0.0,0.0,0.0
1232,0.0,0.0,0.0,0.0
1233,0.0,0.0,0.0,0.0
1234,0.0,0.0,0.0,0.0
1235,0.0,0.0,0.0,0.0
1236,0.0,0.0,0.0,0.0
1237,0.0,0.0,0.0,0.0
1238,0.0,0.0,0.0,0.0
1239,0.0,0.0,0.0,0.0
1240,0.0,0.0,0.0,0.0
1241,0.0,0.0,0.0,0.0
1242,0.0,0.0,0.0,0.0
1243,0.0,0.0,0.0,0.0
1244,0.0,0.0,0.0,0.0
1245,0.0,0.0,0.0,0.0
1246,0.0,0.0,0.0,0.0
1247,0.0,0.0,0.0,0.0
1248,0.0,0.0,0.0,0.0
1249,0.0,0.0,0.0,0.0
1250,0.0,0.0,0.0,0.0
1251,0.0,0.0,0.0,0.0
1252,0.0,0.0,0.0,0.0
1253,0.0,0.0,0.0,0.0
1254,0.0,0.0,0.0,0.0
1255,0.0,0.0,0.0,0.0
1256,0.0,0.0,0.0,0.0
1257,0.0,0.0,0.0,0.0
1258,0.0,0.0,0.0,0.0
1259,0.0,0.0,0.0,0.0
1260,0.0,0.0,0.0,0.0
1261,0.0,0.0,0.0,0.0
1262,0.0,0.0,0.0,0.0
1263,0.0,0.0,0.0,0.0
1264,0.0,0.0,0.0,0.0
1265,0.0,0.0,0.0,0.0
1266,0.0,0.0,0.0,0.0
1267,0.0,0.0,0.0,0.0
1268,0.0,0.0,0.0,0.0
1269,0.0,0.0,0.0,0.0
1270,0.0,0.0,0.0,0.0
1271,0.0,0.0,0.0,0.0
1272,0.0,0.0,0.0,0.0
1273,0.0,0.0,0.0,0.0
1274,0.0,0.0,0.0,0.0
1275,0.0,0.0,0.0,0.0
1276,0.0,0.0,0.0,0.0
1277,0.0,0.0,0.0,0.0
1278,0.0,0.0,0.0,0.0
1279,0.0,0.0,0.0,0.0
1280,0.0,0.0,0.0,0.0
1281,0.0,0.0,0.0,0.0
1282,0.0,0.0,0.0,0.0
1283,0.0,0.0,0.0,0.0
1284,0.0,0.0,0.0,0.0
1285,0.0,0.0,0.0,0.0
1286,0.0,0.0,0.0,0.0
1287,0.0,0.0,0.0,0.0
1288,0.0,0.0,0.0,0.0
1289,0.0,0.0,0.0,0.0
1290,0.0,0.0,0.0,0.0
1291,0.0,0.0,0.0,0.0
1292,0.0,0.0,0.0,0.0
1293,0.0,0.0,0.0,0.0
1294,0.0,0.0,0.0,0.0
1295,0.0,0.0,0.0,0.0
1296,0.0,0.0,0.0,0.0
1297,0.0,0.0,0.0,0.0
1298,0.0,0.0,0.0,0.0
1299,0.0,0.0,0.0,0.0
1300,0.0,0.0,0.0,0.0
1301,0.0,0.0,0.0,0.0
1302,0.0,0.0,0.0,0.0
1303,0.0,0.0,0.0,0.0
1304,0.0,0.0,0.0,0.0
1305,0.0,0.0,0.0,0.0
1306,0.0,0.0,0.0,0.0
1307,0.0,0.0,0.0,0.0
1308,0.0,0.0,0.0,0.0
1309,0.0,0.0,0.0,0.0
1310,0.0,0.0,0.0,0.0
1311,0.0,0.0,0.0,0.0
1312,0.0,0.0,0.0,0.0
1313,0.0,0.0,0.0,0.0
1314,0.0,0.0,0.0,0.0
1315,0.0,0.0,0.0,0.0
1316,0.0,0.0,0.0,0.0
1317,0.0,0.0,0.0,0.0
1318,0.0,0.0,0.0,0.0
1319,0.0,0.0,0.0,0.0
1320,0.0,0.0,0.0,0.0
1321,0.0,0.0,0.0,0.0
1322,0.0,0.0,0.0,0.0
1323,0.0,0.0,0.0,0.0
1324,0.0,0.0,0.0,0.0
1325,0.0,0.0,0.0,0.0
1326,0.0,0.0,0.0,0.0
1327,0.0,0.0,0.0,0.0
1328,0.0,0.0,0.0,0.0
1329,0.0,0.0,0.0,0.0
1330,0.0,0.0,0.0,0.0
1331,0.0,0.0,0.0,0.0
1332,0.0,0.0,0.0,0.0
1333,0.0,0.0,0.0,0.0
1334,0.0,0.0,0.0,0.0
1335,0.0,0.0,0.0,0.0
1336,0.0,0.0,0.0,0.0
1337,0.0,0.0,0.0,0.0
1338,0.0,0.0,0.0,0.0
1339,0.0,0.0,0.0,0.0
1340,0.0,0.0,0.0,0.0
1341,0.0,0.0,0.0,0.0
1342,0.0,0.0,0.0,0.0
1343,0.0,0.0,0.0,0.0
1344,0.0,0.0,0.0,0.0
1345,0.0,0.0,0.0,0.0
1346,0.0,0.0,0.0,0.0
1347,0.0,0.0,0.0,0.0
1348,0.0,0.0,0.0,0.0
1349,0.0,0.0,0.0,0.0
1350,0.0,0.0,0.0,0.0
1351,0.0,0.0,0.0,0.0
1352,0.0,0.0,0.0,0.0
1353,0.0,0.0,0.0,0.0
1354,0.0,0.0,0.0,0.0
1355,0.0,0.0,0.0,0.0
1356,0.0,0.0,0.0,0.0
1357,0.0,0.0,0.0,0.0
1358,0.0,0.0,0.0,0.0
1359,0.0,0.0,0.0,0.0
1360,0.0,0.0,0.0,0.0
1361,0.0,0.0,0.0,0.0
1362,0.0,0.0,0.0,0.0
1363,0.0,0.0,0.0,0.0
1364,0.0,0.0,0.0,0.0
1365,0.0,0.0,0.0,0.0
1366,0.0,0.0,0.0,0.0
1367,0.0,0.0,0.0,0.0
1368,0.0,0.0,0.0,0.0
1369,0.0,0.0,0.0,0.0
1370,0.0,0.0,0.0,0.0
1371,0.0,0.0,0.0,0.0
1372,0.0,0.0,0.0,0.0
1373,0.0,0.0,0.0,0.0
1374,0.0,0.0,0.0,0.0
1375,0.0,0.0,0.0,0.0
1376,0.0,0.0,0.0,0.0
1377,0.0,0.0,0.0,0.0
1378,0.0,0.0,0.0,0.0
1379,0.0,0.0,0.0,0.0
1380,0.0,0.0,0.0,0.0
1381,0.0,0.0,0.0,0.0
1382,0.0,0.0,0.0,0.0
1383,0.0,0.0,0.0,0.0
1384,0.0,0.0,0.0,0.0
1385,0.0,0.0,0.0,0.0
1386,0.0,0.0,0.0,0.0
1387,0.0,0.0,0.0,0.0
1388,0.0,0.0,0.0,0.0
1389,0.0,0.0,0.0,0.0
1390,0.0,0.0,0.0,0.0
1391,0.0,0.0,0.0,0.0
1392,0.0,0.0,0.0,0.0
1393,0.0,0.0,0.0,0.0
1394,0.0,0.0,0.0,0.0
1395,0.0,0.0,0.0,0.0
1396,0.0,0.0,0.0,0.0
1397,0.0,0.0,0.0,0.0
1398,0.0,0.0,0.0,0.0
1399,0.0,0.0,0.0,0.0
1400,0.0,0.0,0.0,0.0
1401,0.0,0.0,0.0,0.0
1402,0.0,0.0,0.0,0.0
1403,0.0,0.0,0.0,0.0
1404,0.0,0.0,0.0,0.0
1405,0.0,0.0,0.0,0.0
1406,0.0,0.0,0.0,0.0
1407,0.0,0.0,0.0,0.0
1408,0.0,0.0,0.0,0.0
1409,0.0,0.0,0.0,0.0
1410,0.0,0.0,0.0,0.0
1411,0.0,0.0,0.0,0.0
1412,0.0,0.0,0.0,0.0
1413,0.0,0.0,0.0,0.0
1414,0.0,0.0,0.0,0.0
1415,0.0,0.0,0.0,0.0
1416,0.0,0.0,0.0,0.0
1417,0.0,0.0,0.0,0.0
1418,0.0,0.0,0.0,0.0
1419,0.0,0.0,0.0,0.0
1420,0.0,0.0,0.0,0.0
1421,0.0,0.0,0.0,0.0
1422,0.0,0.0,0.0,0.0
1423,0.0,0.0,0.0,0.0
1424,0.0,0.0,0.0,0.0
1425,0.0,0.0,0.0,0.0
1426,0.0,0.0,0.0,0.0
1427,0.0,0.0,0.0,0.0
1428,0.0,0.0,0.0,0.0
1429,0.0,0.0,0.0,0.0
1430,0.0,0.0,0.0,0.0
1431,0.0,0.0,0.0,0.0
1432,0.0,0.0,0.0,0.0
1433,0.0,0.0,0.0,0.0
1434,0.0,0.0,0.0,0.0
1435,0.0,0.0,0.0,0.0
1436,0.0,0.0,0.0,0.0
1437,0.0,0.0,0.0,0.0
1438,0.0,0.0,0.0,0.0
1439,0.0,0.0,0.0,0.0
1440,0.0,0.0,0.0,0.0
1441,0.0,0.0,0.0,0.0
1442,0.0,0.0,0.0,0.0
1443,0.0,0.0,0.0,0.0
1444,0.0,0.0,0.0,0.0
1445,0.0,0.0,0.0,0.0
1446,0.0,0.0,0.0,0.0
1447,0.0,0.0,0.0,0.0
1448,0.0,0.0,0.0,0.0
1449,0.0,0.0,0.0,0.0
1450,0.0,0.0,0.0,0.0
1451,0.0,0.0,0.0,0.0
1452,0.0,0.0,0.0,0.0
1453,0.0,0.0,0.0,0.0
1454,0.0,0.0,0.0,0.0
1455,0.0,0.0,0.0,0.0
1456,0.0,0.0,0.0,0.0
1457,0.0,0.0,0.0,0.0
1458,0.0,0.0,0.0,0.0
1459,0.0,0.0,0.0,0.0
1460,0.0,0.0,0.0,0.0
1461,0.0,0.0,0.0,0.0
1462,0.0,0.0,0.0,0.0
1463,0.0,0.0,0.0,0.0
1464,0.0,0.0,0.0,0.0
1465,0.0,0.0,0.0,0.0
1466,0.0,0.0,0.0,0.0
1467,0.0,0.0,0.0,0.0
1468,0.0,0.0,0.0,0.0
1469,0.0,0.0,0.0,0.0
1470,0.0,0.0,0.0,0.0
1471,0.0,0.0,0.0,0.0
1472,0.0,0.0,0.0,0.0
1473,0.0,0.0,0.0,0.0
1474,0.0,0.0,0.0,0.0
1475,0.0,0.0,0.0,0.0
1476,0.0,0.0,0.0,0.0
1477,0.0,0.0,0.0,0.0
1478,0.0,0.0,0.0,0.0
1479,0.0,0.0,0.0,0.0
1480,0.0,0.0,0.0,0.0
1481,0.0,0.0,0.0,0.0
1482,0.0,0.0,0.0,0.0
1483,0.0,0.0,0.0,0.0
1484,0.0,0.0,0.0,0.0
1485,0.0,0.0,0.0,0.0
1486,0.0,0.0,0.0,0.0
1487,0.0,0.0,0.0,0.0
1488,0.0,0.0,0.0,0.0
1489,0.0,0.0,0.0,0.0
1490,0.0,0.0,0.0,0.0
1491,0.0,0.0,0.0,0.0
1492,0.0,0.0,0.0,0.0
1493,0.0,0.0,0.0,0.0
1494,0.0,0.0,0.0,0.0
1495,0.0,0.0,0.0,0.0
1496,0.0,0.0,0.0,0.0
1497,0.0,0.0,0.0,0.0
1498,0.0,0.0,0.0,0.0
1499,0.0,0.0,0.0,0.0
1500,0.0,0.0,0.0,0.0
1501,0.0,0.0,0.0,0.0
1502,0.0,0.0,0.0,0.0
1503,0.0,0.0,0.0,0.0
1504,0.0,0.0,0.0,0.0
1505,0.0,0.0,0.0,0.0
1506,0.0,0.0,0.0,0.0
1507,0.0,0.0,0.0,0.0
1508,0.0,0.0,0.0,0.0
1509,0.0,0.0,0.0,0.0
1510,0.0,0.0,0.0,0.0
1511,0.0,0.0,0.0,0.0
1512,0.0,0.0,0.0,0.0
1513,0.0,0.0,0.0,0.0
1514,0.0,0.0,0.0,0.0
1515,0.0,0.0,0.0,0.0
1516,0.0,0.0,0.0,0.0
1517,0.0,0.0,0.0,0.0
1518,0.0,0.0,0.0,0.0
1519,0.0,0.0,0.0,0.0
1520,0.0,0.0,0.0,0.0
1521,0.0,0.0,0.0,0.0
1522,0.0,0.0,0.0,0.0
1523,0.0,0.0,0.0,0.0
1524,0.0,0.0,0.0,0.0
1525,0.0,0.0,0.0,0.0
1526,0.0,0.0,0.0,0.0
1527,0.0,0.0,0.0,0.0
1528,0.0,0.0,0.0,0.0
1529,0.0,0.0,0.0,0.0
1530,0.0,0.0,0.0,0.0
1531,0.0,0.0,0.0,0.0
1532,0.0,0.0,0.0,0.0
1533,0.0,0.0,0.0,0.0
1534,0.0,0.0,0.0,0.0
1535,0.0,0.0,0.0,0.0
1536,0.0,0.0,0.0,0.0
1537,0.0,0.0,0.0,0.0
1538,0.0,0.0,0.0,0.0
1539,0.0,0.0,0.0,0.0
1540,0.0,0.0,0.0,0.0
1541,0.0,0.0,0.0,0.0
1542,0.0,0.0,0.0,0.0
1543,0.0,0.0,0.0,0.0
1544,0.0,0.0,0.0,0.0
1545,0.0,0.0,0.0,0.0
1546,0.0,0.0,0.0,0.0
1547,0.0,0.0,0.0,0.0
1548,0.0,0.0,0.0,0.0
1549,0.0,0.0,0.0,0.0
1550,0.0,0.0,0.0,0.0
1551,0.0,0.0,0.0,0.0
1552,0.0,0.0,0.0,0.0
1553,0.0,0.0,0.0,0.0
1554,0.0,0.0,0.0,0.0
1555,0.0,0.0,0.0,0.0
1556,0.0,0.0,0.0,0.0
1557,0.0,0.0,0.0,0.0
1558,0.0,0.0,0.0,0.0
1559,0.0,0.0,0.0,0.0
1560,0.0,0.0,0.0,0.0
1561,0.0,0.0,0.0,0.0
1562,0.0,0.0,0.0,0.0
1563,0.0,0.0,0.0,0.0
1564,0.0,0.0,0.0,0.0
1565,0.0,0.0,0.0,0.0
1566,0.0,0.0,0.0,0.0
1567,0.0,0.0,0.0,0.0
1568,0.0,0.0,0.0,0.0
1569,0.0,0.0,0.0,0.0
1570,0.0,0.0,0.0,0.0
1571,0.0,0.0,0.0,0.0
1572,0.0,0.0,0.0,0.0
1573,0.0,0.0,0.0,0.0
1574,0.0,0.0,0.0,0.0
1575,0.0,0.0,0.0,0.0
1576,0.0,0.0,0.0,0.0
1577,0.0,0.0,0.0,0.0
1578,0.0,0.0,0.0,0.0
1579,0.0,0.0,0.0,0.0
1580,0.0,0.0,0.0,0.0
1581,0.0,0.0,0.0,0.0
1582,0.0,0.0,0.0,0.0
1583,0.0,0.0,0.0,0.0
1584,0.0,0.0,0.0,0.0
1585,0.0,0.0,0.0,0.0
1586,0.0,0.0,0.0,0.0
1587,0.0,0.0,0.0,0.0
1588,0.0,0.0,0.0,0.0
1589,0.0,0.0,0.0,0.0
1590,0.0,0.0,0.0,0.0
1591,0.0,0.0,0.0,0.0
1592,0.0,0.0,0.0,0.0
1593,0.0,0.0,0.0,0.0
1594,0.0,0.0,0.0,0.0
1595,0.0,0.0,0.0,0.0
1596,0.0,0.0,0.0,0.0
1597,0.0,0.0,0.0,0.0
1598,0.0,0.0,0.0,0.0
1599,0.0,0.0,0.0,0.0
1600,0.0,0.0,0.0,0.0
1601,0.0,0.0,0.0,0.0
1602,0.0,0.0,0.0,0.0
1603,0.0,0.0,0.0,0.0
1604,0.0,0.0,0.0,0.0
1605,0.0,0.0,0.0,0.0
1606,0.0,0.0,0.0,0.0
1607,0.0,0.0,0.0,0.0
1608,0.0,0.0,0.0,0.0
1609,0.0,0.0,0.0,0.0
1610,0.0,0.0,0.0,0.0
1611,0.0,0.0,0.0,0.0
1612,0.0,0.0,0.0,0.0
1613,0.0,0.0,0.0,0.0
1614,0.0,0.0,0.0,0.0
1615,0.0,0.0,0.0,0.0
1616,0.0,0.0,0.0,0.0
1617,0.0,0.0,0.0,0.0
1618,0.0,0.0,0.0,0.0
1619,0.0,0.0,0.0,0.0
1620,0.0,0.0,0.0,0.0
1621,0.0,0.0,0.0,0.0
1622,0.0,0.0,0.0,0.0
1623,0.0,0.0,0.0,0.0
1624,0.0,0.0,0.0,0.0
1625,0.0,0.0,0.0,0.0
1626,0.0,0.0,0.0,0.0
1627,0.0,0.0,0.0,0.0
1628,0.0,0.0,0.0,0.0
1629,0.0,0.0,0.0,0.0
1630,0.0,0.0,0.0,0.0
1631,0.0,0.0,0.0,0.0
1632,0.0,0.0,0.0,0.0
1633,0.0,0.0,0.0,0.0
1634,0.0,0.0,0.0,0.0
1635,0.0,0.0,0.0,0.0
1636,0.0,0.0,0.0,0.0
1637,0.0,0.0,0.0,0.0
1638,0.0,0.0,0.0,0.0
1639,0.0,0.0,0.0,0.0
1640,0.0,0.0,0.0,0.0
1641,0.0,0.0,0.0,0.0
1642,0.0,0.0,0.0,0.0
1643,0.0,0.0,0.0,0.0
1644,0.0,0.0,0.0,0.0
1645,0.0,0.0,0.0,0.0
1646,0.0,0.0,0.0,0.0
1647,0.0,0.0,0.0,0.0
1648,0.0,0.0,0.0,0.0
1649,0.0,0.0,0.0,0.0
1650,0.0,0.0,0.0,0.0
1651,0.0,0.0,0.0,0.0
1652,0.0,0.0,0.0,0.0
1653,0.0,0.0,0.0,0.0
1654,0.0,0.0,0.0,0.0
1655,0.0,0.0,0.0,0.0
1656,0.0,0.0,0.0,0.0
1657,0.0,0.0,0.0,0.0
1658,0.0,0.0,0.0,0.0
1659,0.0,0.0,0.0,0.0
1660,0.0,0.0,0.0,0.0
1661,0.0,0.0,0.0,0.0
1662,0.0,0.0,0.0,0.0
1663,0.0,0.0,0.0,0.0
1664,0.0,0.0,0.0,0.0
1665,0.0,0.0,0.0,0.0
1666,0.0,0.0,0.0,0.0
1667,0.0,0.0,0.0,0.0
1668,0.0,0.0,0.0,0.0
1669,0.0,0.0,0.0,0.0
1670,0.0,0.0,0.0,0.0
1671,0.0,0.0,0.0,0.0
1672,0.0,0.0,0.0,0.0
1673,0.0,0.0,0.0,0.0
1674,0.0,0.0,0.0,0.0
1675,0.0,0.0,0.0,0.0
1676,0.0,0.0,0.0,0.0
1677,0.0,0.0,0.0,0.0
1678,0.0,0.0,0.0,0.0
1679,0.0,0.0,0.0,0.0
1680,0.0,0.0,0.0,0.0
1681,0.0,0.0,0.0,0.0
1682,0.0,0.0,0.0,0.0
1683,0.0,0.0,0.0,0.0
1684,0.0,0.0,0.0,0.0
1685,0.0,0.0,0.0,0.0
1686,0.0,0.0,0.0,0.0
1687,0.0,0.0,0.0,0.0
1688,0.0,0.0,0.0,0.0
1689,0.0,0.0,0.0,0.0
1690,0.0,0.0,0.0,0.0
1691,0.0,0.0,0.0,0.0
1692,0.0,0.0,0.0,0.0
1693,0.0,0.0,0.0,0.0
1694,0.0,0.0,0.0,0.0
1695,0.0,0.0,0.0,0.0
1696,0.0,0.0,0.0,0.0
1697,0.0,0.0,0.0,0.0
1698,0.0,0.0,0.0,0.0
1699,0.0,0.0,0.0,0.0
1700,0.0,0.0,0.0,0.0
1701,0.0,0.0,0.0,0.0
1702,0.0,0.0,0.0,0.0
1703,0.0,0.0,0.0,0.0
1704,0.0,0.0,0.0,0.0
1705,0.0,0.0,0.0,0.0
1706,0.0,0.0,0.0,0.0
1707,0.0,0.0,0.0,0.0
1708,0.0,0.0,0.0,0.0
1709,0.0,0.0,0.0,0.0
1710,0.0,0.0,0.0,0.0
1711,0.0,0.0,0.0,0.0
1712,0.0,0.0,0.0,0.0
1713,0.0,0.0,0.0,0.0
1714,0.0,0.0,0.0,0.0
1715,0.0,0.0,0.0,0.0
1716,0.0,0.0,0.0,0.0
1717,0.0,0.0,0.0,0.0
1718,0.0,0.0,0.0,0.0
1719,0.0,0.0,0.0,0.0
1720,0.0,0.0,0.0,0.0
1721,0.0,0.0,0.0,0.0
1722,0.0,0.0,0.0,0.0
1723,0.0,0.0,0.0,0.0
1724,0.0,0.0,0.0,0.0
1725,0.0,0.0,0.0,0.0
1726,0.0,0.0,0.0,0.0
1727,0.0,0.0,0.0,0.0
1728,0.0,0.0,0.0,0.0
1729,0.0,0.0,0.0,0.0
1730,0.0,0.0,0.0,0.0
1731,0.0,0.0,0.0,0.0
1732,0.0,0.0,0.0,0.0
1733,0.0,0.0,0.0,0.0
1734,0.0,0.0,0.0,0.0
1735,0.0,0.0,0.0,0.0
1736,0.0,0.0,0.0,0.0
1737,0.0,0.0,0.0,0.0
1738,0.0,0.0,0.0,0.0
1739,0.0,0.0,0.0,0.0
1740,0.0,0.0,0.0,0.0
1741,0.0,0.0,0.0,0.0
1742,0.0,0.0,0.0,0.0
1743,0.0,0.0,0.0,0.0
1744,0.0,0.0,0.0,0.0
1745,0.0,0.0,0.0,0.0
1746,0.0,0.0,0.0,0.0
1747,0.0,0.0,0.0,0.0
1748,0.0,0.0,0.0,0.0
1749,0.0,0.0,0.0,0.0
1750,0.0,0.0,0.0,0.0
1751,0.0,0.0,0.0,0.0
1752,0.0,0.0,0.0,0.0
1753,0.0,0.0,0.0,0.0
1754,0.0,0.0,0.0,0.0
1755,0.0,0.0,0.0,0.0
1756,0.0,0.0,0.0,0.0
1757,0.0,0.0,0.0,0.0
1758,0.0,0.0,0.0,0.0
1759,0.0,0.0,0.0,0.0
1760,0.0,0.0,0.0,0.0
1761,0.0,0.0,0.0,0.0
1762,0.0,0.0,0.0,0.0
1763,0.0,0.0,0.0,0.0
1764,0.0,0.0,0.0,0.0
1765,0.0,0.0,0.0,0.0
1766,0.0,0.0,0.0,0.0
1767,0.0,0.0,0.0,0.0
1768,0.0,0.0,0.0,0.0
1769,0.0,0.0,0.0,0.0
1770,0.0,0.0,0.0,0.0
1771,0.0,0.0,0.0,0.0
1772,0.0,0.0,0.0,0.0
1773,0.0,0.0,0.0,0.0
1774,0.0,0.0,0.0,0.0
1775,0.0,0.0,0.0,0.0
1776,0.0,0.0,0.0,0.0
1777,0.0,0.0,0.0,0.0
1778,0.0,0.0,0.0,0.0
1779,0.0,0.0,0.0,0.0
1780,0.0,0.0,0.0,0.0
1781,0.0,0.0,0.0,0.0
1782,0.0,0.0,0.0,0.0
1783,0.0,0.0,0.0,0.0
1784,0.0,0.0,0.0,0.0
1785,0.0,0.0,0.0,0.0
1786,0.0,0.0,0.0,0.0
1787,0.0,0.0,0.0,0.0
1788,0.0,0.0,0.0,0.0
1789,0.0,0.0,0.0,0.0
1790,0.0,0.0,0.0,0.0
1791,0.0,0.0,0.0,0.0
1792,0.0,0.0,0.0,0.0
1793,0.0,0.0,0.0,0.0
1794,0.0,0.0,0.0,0.0
1795,0.0,0.0,0.0,0.0
1796,0.0,0.0,0.0,0.0
1797,0.0,0.0,0.0,0.0
1798,0.0,0.0,0.0,0.0
1799,0.0,0.0,0.0,0.0
1800,0.0,0.0,0.0,0.0
1801,0.0,0.0,0.0,0.0
1802,0.0,0.0,0.0,0.0
1803,0.0,0.0,0.0,0.0
1804,0.0,0.0,0.0,0.0
1805,0.0,0.0,0.0,0.0
1806,0.0,0.0,0.0,0.0
1807,0.0,0.0,0.0,0.0
1808,0.0,0.0,0.0,0.0
1809,0.0,0.0,0.0,0.0
1810,0.0,0.0,0.0,0.0
1811,0.0,0.0,0.0,0.0
1812,0.0,0.0,0.0,0.0
1813,0.0,0.0,0.0,0.0
1814,0.0,0.0,0.0,0.0
1815,0.0,0.0,0.0,0.0
1816,0.0,0.0,0.0,0.0
1817,0.0,0.0,0.0,0.0
1818,0.0,0.0,0.0,0.0
1819,0.0,0.0,0.0,0.0
1820,0.0,0.0,0.0,0.0
1821,0.0,0.0,0.0,0.0
1822,0.0,0.0,0.0,0.0
1823,0.0,0.0,0.0,0.0
1824,0.0,0.0,0.0,0.0
1825,0.0,0.0,0.0,0.0
1826,0.0,0.0,0.0,0.0
1827,0.0,0.0,0.0,0.0
1828,0.0,0.0,0.0,0.0
1829,0.0,0.0,0.0,0.0
1830,0.0,0.0,0.0,0.0
1831,0.0,0.0,0.0,0.0
1832,0.0,0.0,0.0,0.0
1833,0.0,0.0,0.0,0.0
1834,0.0,0.0,0.0,0.0
1835,0.0,0.0,0.0,0.0
1836,0.0,0.0,0.0,0.0
1837,0.0,0.0,0.0,0.0
1838,0.0,0.0,0.0,0.0
1839,0.0,0.0,0.0,0.0
1840,0.0,0.0,0.0,0.0
1841,0.0,0.0,0.0,0.0
1842,0.0,0.0,0.0,0.0
1843,0.0,0.0,0.0,0.0
1844,0.0,0.0,0.0,0.0
1845,0.0,0.0,0.0,0.0
1846,0.0,0.0,0.0,0.0
1847,0.0,0.0,0.0,0.0
1848,0.0,0.0,0.0,0.0
1849,0.0,0.0,0.0,0.0
1850,0.0,0.0,0.0,0.0
1851,0.0,0.0,0.0,0.0
1852,0.0,0.0,0.0,0.0
1853,0.0,0.0,0.0,0.0
1854,0.0,0.0,0.0,0.0
1855,0.0,0.0,0.0,0.0
1856,0.0,0.0,0.0,0.0
1857,0.0,0.0,0.0,0.0
1858,0.0,0.0,0.0,0.0
1859,0.0,0.0,0.0,0.0
1860,0.0,0.0,0.0,0.0
1861,0.0,0.0,0.0,0.0
1862,0.0,0.0,0.0,0.0
1863,0.0,0.0,0.0,0.0
1864,0.0,0.0,0.0,0.0
1865,0.0,0.0,0.0,0.0
1866,0.0,0.0,0.0,0.0
1867,0.0,0.0,0.0,0.0
1868,0.0,0.0,0.0,0.0
1869,0.0,0.0,0.0,0.0
1870,0.0,0.0,0.0,0.0
1871,0.0,0.0,0.0,0.0
1872,0.0,0.0,0.0,0.0
1873,0.0,0.0,0.0,0.0
1874,0.0,0.0,0.0,0.0
1875,0.0,0.0,0.0,0.0
1876,0.0,0.0,0.0,0.0
1877,0.0,0.0,0.0,0.0
1878,0.0,0.0,0.0,0.0
1879,0.0,0.0,0.0,0.0
1880,0.0,0.0,0.0,0.0
1881,0.0,0.0,0.0,0.0
1882,0.0,0.0,0.0,0.0
1883,0.0,0.0,0.0,0.0
1884,0.0,0.0,0.0,0.0
1885,0.0,0.0,0.0,0.0
1886,0.0,0.0,0.0,0.0
1887,0.0,0.0,0.0,0.0
1888,0.0,0.0,0.0,0.0
1889,0.0,0.0,0.0,0.0
1890,0.0,0.0,0.0,0.0
1891,0.0,0.0,0.0,0.0
1892,0.0,0.0,0.0,0.0
1893,0.0,0.0,0.0,0.0
1894,0.0,0.0,0.0,0.0
1895,0.0,0.0,0.0,0.0
1896,0.0,0.0,0.0,0.0
1897,0.0,0.0,0.0,0.0
1898,0.0,0.0,0.0,0.0
1899,0.0,0.0,0.0,0.0
1900,0.0,0.0,0.0,0.0
1901,0.0,0.0,0.0,0.0
1902,0.0,0.0,0.0,0.0
1903,0.0,0.0,0.0,0.0
1904,0.0,0.0,0.0,0.0
1905,0.0,0.0,0.0,0.0
1906,0.0,0.0,0.0,0.0
1907,0.0,0.0,0.0,0.0
1908,0.0,0.0,0.0,0.0
1909,0.0,0.0,0.0,0.0
1910,0.0,0.0,0.0,0.0
1911,0.0,0.0,0.0,0.0
1912,0.0,0.0,0.0,0.0
1913,0.0,0.0,0.0,0.0
1914,0.0,0.0,0.0,0.0
1915,0.0,0.0,0.0,0.0
1916,0.0,0.0,0.0,0.0
1917,0.0,0.0,0.0,0.0
1918,0.0,0.0,0.0,0.0
1919,0.0,0.0,0.0,0.0
1920,0.0,0.0,0.0,0.0
1921,0.0,0.0,0.0,0.0
1922,0.0,0.0,0.0,0.0
1923,0.0,0.0,0.0,0.0
1924,0.0,0.0,0.0,0.0
1925,0.0,0.0,0.0,0.0
1926,0.0,0.0,0.0,0.0
1927,0.0,0.0,0.0,0.0
1928,0.0,0.0,0.0,0.0
1929,0.0,0.0,0.0,0.0
1930,0.0,0.0,0.0,0.0
1931,0.0,0.0,0.0,0.0
1932,0.0,0.0,0.0,0.0
1933,0.0,0.0,0.0,0.0
1934,0.0,0.0,0.0,0.0
1935,0.0,0.0,0.0,0.0
1936,0.0,0.0,0.0,0.0
1937,0.0,0.0,0.0,0.0
1938,0.0,0.0,0.0,0.0
1939,0.0,0.0,0.0,0.0
1940,0.0,0.0,0.0,0.0
1941,0.0,0.0,0.0,0.0
1942,0.0,0.0,0.0,0.0
1943,0.0,0.0,0.0,0.0
1944,0.0,0.0,0.0,0.0
1945,0.0,0.0,0.0,0.0
1946,0.0,0.0,0.0,0.0
1947,0.0,0.0,0.0,0.0
1948,0.0,0.0,0.0,0.0
1949,0.0,0.0,0.0,0.0
1950,0.0,0.0,0.0,0.0
1951,0.0,0.0,0.0,0.0
1952,0.0,0.0,0.0,0.0
1953,0.0,0.0,0.0,0.0
1954,0.0,0.0,0.0,0.0
1955,0.0,0.0,0.0,0.0
1956,0.0,0.0,0.0,0.0
1957,0.0,0.0,0.0,0.0
1958,0.0,0.0,0.0,0.0
1959,0.0,0.0,0.0,0.0
1960,0.0,0.0,0.0,0.0
1961,0.0,0.0,0.0,0.0
1962,0.0,0.0,0.0,0.0
1963,0.0,0.0,0.0,0.0
1964,0.0,0.0,0.0,0.0
1965,0.0,0.0,0.0,0.0
1966,0.0,0.0,0.0,0.0
1967,0.0,0.0,0.0,0.0
1968,0.0,0.0,0.0,0.0
1969,0.0,0.0,0.0,0.0
1970,0.0,0.0,0.0,0.0
1971,0.0,0.0,0.0,0.0
1972,0.0,0.0,0.0,0.0
1973,0.0,0.0,0.0,0.0
1974,0.0,0.0,0.0,0.0
1975,0.0,0.0,0.0,0.0
1976,0.0,0.0,0.0,0.0
1977,0.0,0.0,0.0,0.0
1978,0.0,0.0,0.0,0.0
1979,0.0,0.0,0.0,0.0
1980,0.0,0.0,0.0,0.0
1981,0.0,0.0,0.0,0.0
1982,0.0,0.0,0.0,0.0
1983,0.0,0.0,0.0,0.0
1984,0.0,0.0,0.0,0.0
1985,0.0,0.0,0.0,0.0
1986,0.0,0.0,0.0,0.0
1987,0.0,0.0,0.0,0.0
1988,0.0,0.0,0.0,0.0
1989,0.0,0.0,0.0,0.0
1990,0.0,0.0,0.0,0.0
1991,0.0,0.0,0.0,0.0
1992,0.0,0.0,0.0,0.0
1993,0.0,0.0,0.0,0.0
1994,0.0,0.0,0.0,0.0
1995,0.0,0.0,0.0,0.0
1996,0.0,0.0,0.0,0.0
1997,0.0,0.0,0.0,0.0
1998,0.0,0.0,0.0,0.0
1999,0.0,0.0,0.0,0.0
